day,event,bird_id,host_species,mite_species,day0_mites
2,1,AMRE1,AMRE,Amerodectes ischyros,25
2,1,AMRE1,AMRE,Amerodectes ischyros,25
2,1,AMRE1,AMRE,Amerodectes ischyros,25
3,1,AMRE1,AMRE,Amerodectes ischyros,25
3,1,AMRE1,AMRE,Amerodectes ischyros,25
3,1,AMRE1,AMRE,Amerodectes ischyros,25
3,1,AMRE1,AMRE,Amerodectes ischyros,25
4,1,AMRE1,AMRE,Amerodectes ischyros,25
4,1,AMRE1,AMRE,Amerodectes ischyros,25
5,1,AMRE1,AMRE,Amerodectes ischyros,25
6,1,AMRE1,AMRE,Amerodectes ischyros,25
6,1,AMRE1,AMRE,Amerodectes ischyros,25
6,1,AMRE1,AMRE,Amerodectes ischyros,25
6,1,AMRE1,AMRE,Amerodectes ischyros,25
6,1,AMRE1,AMRE,Amerodectes ischyros,25
6,1,AMRE1,AMRE,Amerodectes ischyros,25
6,1,AMRE1,AMRE,Amerodectes ischyros,25
8,1,AMRE1,AMRE,Amerodectes ischyros,25
8,1,AMRE1,AMRE,Amerodectes ischyros,25
8,1,AMRE1,AMRE,Amerodectes ischyros,25
8,1,AMRE1,AMRE,Amerodectes ischyros,25
8,1,AMRE1,AMRE,Amerodectes ischyros,25
9,1,AMRE1,AMRE,Amerodectes ischyros,25
9,1,AMRE1,AMRE,Amerodectes ischyros,25
9,1,AMRE1,AMRE,Amerodectes ischyros,25
6,1,PROW1,PROW,Amerodectes protonotaria,5
7,1,PROW1,PROW,Amerodectes protonotaria,5
7,1,PROW1,PROW,Amerodectes protonotaria,5
8,0,PROW1,PROW,Amerodectes protonotaria,5
11,1,PROW1,PROW,Amerodectes protonotaria,5
3,1,PROW2,PROW,Amerodectes protonotaria,258
3,1,PROW2,PROW,Amerodectes protonotaria,258
3,1,PROW2,PROW,Amerodectes protonotaria,258
3,1,PROW2,PROW,Amerodectes protonotaria,258
3,1,PROW2,PROW,Amerodectes protonotaria,258
3,1,PROW2,PROW,Amerodectes protonotaria,258
3,1,PROW2,PROW,Amerodectes protonotaria,258
3,1,PROW2,PROW,Amerodectes protonotaria,258
3,1,PROW2,PROW,Amerodectes protonotaria,258
3,1,PROW2,PROW,Amerodectes protonotaria,258
3,1,PROW2,PROW,Amerodectes protonotaria,258
3,1,PROW2,PROW,Amerodectes protonotaria,258
3,1,PROW2,PROW,Amerodectes protonotaria,258
3,1,PROW2,PROW,Amerodectes protonotaria,258
3,1,PROW2,PROW,Amerodectes protonotaria,258
3,1,PROW2,PROW,Amerodectes protonotaria,258
3,1,PROW2,PROW,Amerodectes protonotaria,258
3,1,PROW2,PROW,Amerodectes protonotaria,258
4,1,PROW2,PROW,Amerodectes protonotaria,258
4,1,PROW2,PROW,Amerodectes protonotaria,258
4,1,PROW2,PROW,Amerodectes protonotaria,258
4,1,PROW2,PROW,Amerodectes protonotaria,258
4,1,PROW2,PROW,Amerodectes protonotaria,258
4,1,PROW2,PROW,Amerodectes protonotaria,258
4,1,PROW2,PROW,Amerodectes protonotaria,258
4,1,PROW2,PROW,Amerodectes protonotaria,258
4,1,PROW2,PROW,Amerodectes protonotaria,258
4,1,PROW2,PROW,Amerodectes protonotaria,258
4,1,PROW2,PROW,Amerodectes protonotaria,258
4,1,PROW2,PROW,Amerodectes protonotaria,258
4,1,PROW2,PROW,Amerodectes protonotaria,258
4,1,PROW2,PROW,Amerodectes protonotaria,258
4,1,PROW2,PROW,Amerodectes protonotaria,258
4,1,PROW2,PROW,Amerodectes protonotaria,258
4,1,PROW2,PROW,Amerodectes protonotaria,258
4,1,PROW2,PROW,Amerodectes protonotaria,258
4,1,PROW2,PROW,Amerodectes protonotaria,258
4,1,PROW2,PROW,Amerodectes protonotaria,258
4,1,PROW2,PROW,Amerodectes protonotaria,258
4,1,PROW2,PROW,Amerodectes protonotaria,258
4,1,PROW2,PROW,Amerodectes protonotaria,258
4,1,PROW2,PROW,Amerodectes protonotaria,258
4,1,PROW2,PROW,Amerodectes protonotaria,258
4,1,PROW2,PROW,Amerodectes protonotaria,258
5,1,PROW2,PROW,Amerodectes protonotaria,258
5,1,PROW2,PROW,Amerodectes protonotaria,258
5,1,PROW2,PROW,Amerodectes protonotaria,258
5,1,PROW2,PROW,Amerodectes protonotaria,258
5,1,PROW2,PROW,Amerodectes protonotaria,258
5,1,PROW2,PROW,Amerodectes protonotaria,258
5,1,PROW2,PROW,Amerodectes protonotaria,258
5,1,PROW2,PROW,Amerodectes protonotaria,258
5,1,PROW2,PROW,Amerodectes protonotaria,258
5,1,PROW2,PROW,Amerodectes protonotaria,258
5,1,PROW2,PROW,Amerodectes protonotaria,258
5,1,PROW2,PROW,Amerodectes protonotaria,258
5,1,PROW2,PROW,Amerodectes protonotaria,258
5,1,PROW2,PROW,Amerodectes protonotaria,258
5,1,PROW2,PROW,Amerodectes protonotaria,258
5,1,PROW2,PROW,Amerodectes protonotaria,258
5,1,PROW2,PROW,Amerodectes protonotaria,258
5,1,PROW2,PROW,Amerodectes protonotaria,258
5,1,PROW2,PROW,Amerodectes protonotaria,258
5,1,PROW2,PROW,Amerodectes protonotaria,258
5,1,PROW2,PROW,Amerodectes protonotaria,258
5,1,PROW2,PROW,Amerodectes protonotaria,258
5,1,PROW2,PROW,Amerodectes protonotaria,258
5,1,PROW2,PROW,Amerodectes protonotaria,258
5,1,PROW2,PROW,Amerodectes protonotaria,258
5,1,PROW2,PROW,Amerodectes protonotaria,258
5,1,PROW2,PROW,Amerodectes protonotaria,258
5,1,PROW2,PROW,Amerodectes protonotaria,258
5,1,PROW2,PROW,Amerodectes protonotaria,258
5,1,PROW2,PROW,Amerodectes protonotaria,258
5,1,PROW2,PROW,Amerodectes protonotaria,258
5,1,PROW2,PROW,Amerodectes protonotaria,258
5,1,PROW2,PROW,Amerodectes protonotaria,258
5,1,PROW2,PROW,Amerodectes protonotaria,258
5,1,PROW2,PROW,Amerodectes protonotaria,258
5,1,PROW2,PROW,Amerodectes protonotaria,258
5,1,PROW2,PROW,Amerodectes protonotaria,258
5,1,PROW2,PROW,Amerodectes protonotaria,258
5,1,PROW2,PROW,Amerodectes protonotaria,258
5,1,PROW2,PROW,Amerodectes protonotaria,258
5,1,PROW2,PROW,Amerodectes protonotaria,258
5,1,PROW2,PROW,Amerodectes protonotaria,258
5,1,PROW2,PROW,Amerodectes protonotaria,258
5,1,PROW2,PROW,Amerodectes protonotaria,258
5,1,PROW2,PROW,Amerodectes protonotaria,258
5,1,PROW2,PROW,Amerodectes protonotaria,258
5,1,PROW2,PROW,Amerodectes protonotaria,258
5,1,PROW2,PROW,Amerodectes protonotaria,258
5,1,PROW2,PROW,Amerodectes protonotaria,258
5,1,PROW2,PROW,Amerodectes protonotaria,258
5,1,PROW2,PROW,Amerodectes protonotaria,258
5,1,PROW2,PROW,Amerodectes protonotaria,258
5,1,PROW2,PROW,Amerodectes protonotaria,258
5,1,PROW2,PROW,Amerodectes protonotaria,258
5,1,PROW2,PROW,Amerodectes protonotaria,258
5,1,PROW2,PROW,Amerodectes protonotaria,258
5,1,PROW2,PROW,Amerodectes protonotaria,258
5,1,PROW2,PROW,Amerodectes protonotaria,258
5,1,PROW2,PROW,Amerodectes protonotaria,258
5,1,PROW2,PROW,Amerodectes protonotaria,258
5,1,PROW2,PROW,Amerodectes protonotaria,258
5,1,PROW2,PROW,Amerodectes protonotaria,258
5,1,PROW2,PROW,Amerodectes protonotaria,258
5,1,PROW2,PROW,Amerodectes protonotaria,258
5,1,PROW2,PROW,Amerodectes protonotaria,258
5,1,PROW2,PROW,Amerodectes protonotaria,258
5,1,PROW2,PROW,Amerodectes protonotaria,258
5,1,PROW2,PROW,Amerodectes protonotaria,258
5,1,PROW2,PROW,Amerodectes protonotaria,258
5,1,PROW2,PROW,Amerodectes protonotaria,258
5,1,PROW2,PROW,Amerodectes protonotaria,258
5,1,PROW2,PROW,Amerodectes protonotaria,258
5,1,PROW2,PROW,Amerodectes protonotaria,258
5,1,PROW2,PROW,Amerodectes protonotaria,258
5,1,PROW2,PROW,Amerodectes protonotaria,258
5,1,PROW2,PROW,Amerodectes protonotaria,258
5,1,PROW2,PROW,Amerodectes protonotaria,258
5,1,PROW2,PROW,Amerodectes protonotaria,258
5,1,PROW2,PROW,Amerodectes protonotaria,258
5,1,PROW2,PROW,Amerodectes protonotaria,258
5,1,PROW2,PROW,Amerodectes protonotaria,258
5,1,PROW2,PROW,Amerodectes protonotaria,258
5,1,PROW2,PROW,Amerodectes protonotaria,258
5,1,PROW2,PROW,Amerodectes protonotaria,258
5,1,PROW2,PROW,Amerodectes protonotaria,258
5,1,PROW2,PROW,Amerodectes protonotaria,258
5,1,PROW2,PROW,Amerodectes protonotaria,258
5,1,PROW2,PROW,Amerodectes protonotaria,258
5,1,PROW2,PROW,Amerodectes protonotaria,258
5,1,PROW2,PROW,Amerodectes protonotaria,258
5,1,PROW2,PROW,Amerodectes protonotaria,258
5,1,PROW2,PROW,Amerodectes protonotaria,258
5,1,PROW2,PROW,Amerodectes protonotaria,258
5,1,PROW2,PROW,Amerodectes protonotaria,258
5,1,PROW2,PROW,Amerodectes protonotaria,258
5,1,PROW2,PROW,Amerodectes protonotaria,258
5,1,PROW2,PROW,Amerodectes protonotaria,258
5,1,PROW2,PROW,Amerodectes protonotaria,258
5,1,PROW2,PROW,Amerodectes protonotaria,258
5,1,PROW2,PROW,Amerodectes protonotaria,258
5,1,PROW2,PROW,Amerodectes protonotaria,258
5,1,PROW2,PROW,Amerodectes protonotaria,258
5,1,PROW2,PROW,Amerodectes protonotaria,258
5,1,PROW2,PROW,Amerodectes protonotaria,258
5,1,PROW2,PROW,Amerodectes protonotaria,258
5,1,PROW2,PROW,Amerodectes protonotaria,258
5,1,PROW2,PROW,Amerodectes protonotaria,258
5,1,PROW2,PROW,Amerodectes protonotaria,258
5,1,PROW2,PROW,Amerodectes protonotaria,258
5,1,PROW2,PROW,Amerodectes protonotaria,258
5,1,PROW2,PROW,Amerodectes protonotaria,258
5,1,PROW2,PROW,Amerodectes protonotaria,258
6,1,PROW2,PROW,Amerodectes protonotaria,258
6,1,PROW2,PROW,Amerodectes protonotaria,258
6,1,PROW2,PROW,Amerodectes protonotaria,258
6,1,PROW2,PROW,Amerodectes protonotaria,258
6,1,PROW2,PROW,Amerodectes protonotaria,258
6,1,PROW2,PROW,Amerodectes protonotaria,258
6,1,PROW2,PROW,Amerodectes protonotaria,258
6,1,PROW2,PROW,Amerodectes protonotaria,258
6,1,PROW2,PROW,Amerodectes protonotaria,258
6,1,PROW2,PROW,Amerodectes protonotaria,258
6,1,PROW2,PROW,Amerodectes protonotaria,258
6,1,PROW2,PROW,Amerodectes protonotaria,258
6,1,PROW2,PROW,Amerodectes protonotaria,258
6,1,PROW2,PROW,Amerodectes protonotaria,258
6,1,PROW2,PROW,Amerodectes protonotaria,258
6,1,PROW2,PROW,Amerodectes protonotaria,258
6,1,PROW2,PROW,Amerodectes protonotaria,258
6,1,PROW2,PROW,Amerodectes protonotaria,258
6,1,PROW2,PROW,Amerodectes protonotaria,258
6,1,PROW2,PROW,Amerodectes protonotaria,258
6,1,PROW2,PROW,Amerodectes protonotaria,258
6,1,PROW2,PROW,Amerodectes protonotaria,258
6,1,PROW2,PROW,Amerodectes protonotaria,258
6,1,PROW2,PROW,Amerodectes protonotaria,258
6,1,PROW2,PROW,Amerodectes protonotaria,258
6,1,PROW2,PROW,Amerodectes protonotaria,258
6,1,PROW2,PROW,Amerodectes protonotaria,258
6,1,PROW2,PROW,Amerodectes protonotaria,258
6,1,PROW2,PROW,Amerodectes protonotaria,258
6,1,PROW2,PROW,Amerodectes protonotaria,258
6,1,PROW2,PROW,Amerodectes protonotaria,258
6,1,PROW2,PROW,Amerodectes protonotaria,258
6,1,PROW2,PROW,Amerodectes protonotaria,258
6,1,PROW2,PROW,Amerodectes protonotaria,258
6,1,PROW2,PROW,Amerodectes protonotaria,258
6,1,PROW2,PROW,Amerodectes protonotaria,258
6,1,PROW2,PROW,Amerodectes protonotaria,258
6,1,PROW2,PROW,Amerodectes protonotaria,258
6,1,PROW2,PROW,Amerodectes protonotaria,258
6,1,PROW2,PROW,Amerodectes protonotaria,258
6,1,PROW2,PROW,Amerodectes protonotaria,258
6,1,PROW2,PROW,Amerodectes protonotaria,258
6,1,PROW2,PROW,Amerodectes protonotaria,258
6,1,PROW2,PROW,Amerodectes protonotaria,258
6,1,PROW2,PROW,Amerodectes protonotaria,258
6,1,PROW2,PROW,Amerodectes protonotaria,258
6,1,PROW2,PROW,Amerodectes protonotaria,258
6,1,PROW2,PROW,Amerodectes protonotaria,258
6,1,PROW2,PROW,Amerodectes protonotaria,258
6,1,PROW2,PROW,Amerodectes protonotaria,258
6,1,PROW2,PROW,Amerodectes protonotaria,258
6,1,PROW2,PROW,Amerodectes protonotaria,258
6,1,PROW2,PROW,Amerodectes protonotaria,258
6,1,PROW2,PROW,Amerodectes protonotaria,258
6,1,PROW2,PROW,Amerodectes protonotaria,258
6,1,PROW2,PROW,Amerodectes protonotaria,258
6,1,PROW2,PROW,Amerodectes protonotaria,258
6,1,PROW2,PROW,Amerodectes protonotaria,258
6,1,PROW2,PROW,Amerodectes protonotaria,258
6,1,PROW2,PROW,Amerodectes protonotaria,258
6,1,PROW2,PROW,Amerodectes protonotaria,258
6,1,PROW2,PROW,Amerodectes protonotaria,258
6,1,PROW2,PROW,Amerodectes protonotaria,258
6,1,PROW2,PROW,Amerodectes protonotaria,258
6,1,PROW2,PROW,Amerodectes protonotaria,258
6,1,PROW2,PROW,Amerodectes protonotaria,258
6,1,PROW2,PROW,Amerodectes protonotaria,258
6,1,PROW2,PROW,Amerodectes protonotaria,258
6,1,PROW2,PROW,Amerodectes protonotaria,258
6,1,PROW2,PROW,Amerodectes protonotaria,258
6,1,PROW2,PROW,Amerodectes protonotaria,258
6,1,PROW2,PROW,Amerodectes protonotaria,258
6,1,PROW2,PROW,Amerodectes protonotaria,258
6,1,PROW2,PROW,Amerodectes protonotaria,258
6,1,PROW2,PROW,Amerodectes protonotaria,258
6,1,PROW2,PROW,Amerodectes protonotaria,258
6,1,PROW2,PROW,Amerodectes protonotaria,258
6,1,PROW2,PROW,Amerodectes protonotaria,258
6,1,PROW2,PROW,Amerodectes protonotaria,258
6,1,PROW2,PROW,Amerodectes protonotaria,258
6,1,PROW2,PROW,Amerodectes protonotaria,258
6,1,PROW2,PROW,Amerodectes protonotaria,258
6,1,PROW2,PROW,Amerodectes protonotaria,258
6,1,PROW2,PROW,Amerodectes protonotaria,258
6,1,PROW2,PROW,Amerodectes protonotaria,258
6,1,PROW2,PROW,Amerodectes protonotaria,258
6,1,PROW2,PROW,Amerodectes protonotaria,258
6,0,PROW2,PROW,Amerodectes protonotaria,258
6,0,PROW2,PROW,Amerodectes protonotaria,258
6,0,PROW2,PROW,Amerodectes protonotaria,258
6,0,PROW2,PROW,Amerodectes protonotaria,258
6,0,PROW2,PROW,Amerodectes protonotaria,258
6,0,PROW2,PROW,Amerodectes protonotaria,258
6,0,PROW2,PROW,Amerodectes protonotaria,258
6,0,PROW2,PROW,Amerodectes protonotaria,258
6,0,PROW2,PROW,Amerodectes protonotaria,258
6,0,PROW2,PROW,Amerodectes protonotaria,258
6,0,PROW2,PROW,Amerodectes protonotaria,258
6,0,PROW2,PROW,Amerodectes protonotaria,258
6,0,PROW2,PROW,Amerodectes protonotaria,258
6,0,PROW2,PROW,Amerodectes protonotaria,258
6,0,PROW2,PROW,Amerodectes protonotaria,258
2,0,AMRE2,AMRE,Amerodectes ischyros,34
2,0,AMRE2,AMRE,Amerodectes ischyros,34
3,1,AMRE2,AMRE,Amerodectes ischyros,34
4,1,AMRE2,AMRE,Amerodectes ischyros,34
4,1,AMRE2,AMRE,Amerodectes ischyros,34
5,1,AMRE2,AMRE,Amerodectes ischyros,34
5,1,AMRE2,AMRE,Amerodectes ischyros,34
6,1,AMRE2,AMRE,Amerodectes ischyros,34
6,1,AMRE2,AMRE,Amerodectes ischyros,34
6,1,AMRE2,AMRE,Amerodectes ischyros,34
6,1,AMRE2,AMRE,Amerodectes ischyros,34
7,1,AMRE2,AMRE,Amerodectes ischyros,34
7,1,AMRE2,AMRE,Amerodectes ischyros,34
8,1,AMRE2,AMRE,Amerodectes ischyros,34
8,1,AMRE2,AMRE,Amerodectes ischyros,34
8,1,AMRE2,AMRE,Amerodectes ischyros,34
8,1,AMRE2,AMRE,Amerodectes ischyros,34
9,1,AMRE2,AMRE,Amerodectes ischyros,34
9,1,AMRE2,AMRE,Amerodectes ischyros,34
9,1,AMRE2,AMRE,Amerodectes ischyros,34
9,1,AMRE2,AMRE,Amerodectes ischyros,34
10,1,AMRE2,AMRE,Amerodectes ischyros,34
10,1,AMRE2,AMRE,Amerodectes ischyros,34
10,1,AMRE2,AMRE,Amerodectes ischyros,34
10,1,AMRE2,AMRE,Amerodectes ischyros,34
10,1,AMRE2,AMRE,Amerodectes ischyros,34
10,1,AMRE2,AMRE,Amerodectes ischyros,34
11,1,AMRE2,AMRE,Amerodectes ischyros,34
11,1,AMRE2,AMRE,Amerodectes ischyros,34
11,1,AMRE2,AMRE,Amerodectes ischyros,34
11,1,AMRE2,AMRE,Amerodectes ischyros,34
11,1,AMRE2,AMRE,Amerodectes ischyros,34
11,1,AMRE2,AMRE,Amerodectes ischyros,34
11,1,AMRE2,AMRE,Amerodectes ischyros,34
5,1,PROW3,PROW,Amerodectes protonotaria,11
5,1,PROW3,PROW,Amerodectes protonotaria,11
6,1,PROW3,PROW,Amerodectes protonotaria,11
6,1,PROW3,PROW,Amerodectes protonotaria,11
6,1,PROW3,PROW,Amerodectes protonotaria,11
6,1,PROW3,PROW,Amerodectes protonotaria,11
7,1,PROW3,PROW,Amerodectes protonotaria,11
7,1,PROW3,PROW,Amerodectes protonotaria,11
8,1,PROW3,PROW,Amerodectes protonotaria,11
8,1,PROW3,PROW,Amerodectes protonotaria,11
9,1,PROW3,PROW,Amerodectes protonotaria,11
7,1,PROW3,PROW,Proctophyllodes quadratus,11
9,1,PROW3,PROW,Proctophyllodes quadratus,3
10,1,PROW3,PROW,Proctophyllodes quadratus,3
1,1,PROW4,PROW,Amerodectes protonotaria,120
1,1,PROW4,PROW,Amerodectes protonotaria,120
1,1,PROW4,PROW,Amerodectes protonotaria,120
1,1,PROW4,PROW,Amerodectes protonotaria,120
1,1,PROW4,PROW,Amerodectes protonotaria,120
2,1,PROW4,PROW,Amerodectes protonotaria,120
2,1,PROW4,PROW,Amerodectes protonotaria,120
2,1,PROW4,PROW,Amerodectes protonotaria,120
2,1,PROW4,PROW,Amerodectes protonotaria,120
2,1,PROW4,PROW,Amerodectes protonotaria,120
2,1,PROW4,PROW,Amerodectes protonotaria,120
3,1,PROW4,PROW,Amerodectes protonotaria,120
4,1,PROW4,PROW,Amerodectes protonotaria,120
4,1,PROW4,PROW,Amerodectes protonotaria,120
4,1,PROW4,PROW,Amerodectes protonotaria,120
4,0,PROW4,PROW,Amerodectes protonotaria,120
5,1,PROW4,PROW,Amerodectes protonotaria,120
5,1,PROW4,PROW,Amerodectes protonotaria,120
5,1,PROW4,PROW,Amerodectes protonotaria,120
5,1,PROW4,PROW,Amerodectes protonotaria,120
5,1,PROW4,PROW,Amerodectes protonotaria,120
5,1,PROW4,PROW,Amerodectes protonotaria,120
5,1,PROW4,PROW,Amerodectes protonotaria,120
6,1,PROW4,PROW,Amerodectes protonotaria,120
6,1,PROW4,PROW,Amerodectes protonotaria,120
6,1,PROW4,PROW,Amerodectes protonotaria,120
6,1,PROW4,PROW,Amerodectes protonotaria,120
6,1,PROW4,PROW,Amerodectes protonotaria,120
6,1,PROW4,PROW,Amerodectes protonotaria,120
6,1,PROW4,PROW,Amerodectes protonotaria,120
6,1,PROW4,PROW,Amerodectes protonotaria,120
6,1,PROW4,PROW,Amerodectes protonotaria,120
6,1,PROW4,PROW,Amerodectes protonotaria,120
7,1,PROW4,PROW,Amerodectes protonotaria,120
7,1,PROW4,PROW,Amerodectes protonotaria,120
7,1,PROW4,PROW,Amerodectes protonotaria,120
7,1,PROW4,PROW,Amerodectes protonotaria,120
7,1,PROW4,PROW,Amerodectes protonotaria,120
7,1,PROW4,PROW,Amerodectes protonotaria,120
7,1,PROW4,PROW,Amerodectes protonotaria,120
7,1,PROW4,PROW,Amerodectes protonotaria,120
7,1,PROW4,PROW,Amerodectes protonotaria,120
7,1,PROW4,PROW,Amerodectes protonotaria,120
7,1,PROW4,PROW,Amerodectes protonotaria,120
7,1,PROW4,PROW,Amerodectes protonotaria,120
7,1,PROW4,PROW,Amerodectes protonotaria,120
7,1,PROW4,PROW,Amerodectes protonotaria,120
7,1,PROW4,PROW,Amerodectes protonotaria,120
7,1,PROW4,PROW,Amerodectes protonotaria,120
7,1,PROW4,PROW,Amerodectes protonotaria,120
7,1,PROW4,PROW,Amerodectes protonotaria,120
7,1,PROW4,PROW,Amerodectes protonotaria,120
7,1,PROW4,PROW,Amerodectes protonotaria,120
7,1,PROW4,PROW,Amerodectes protonotaria,120
7,1,PROW4,PROW,Amerodectes protonotaria,120
8,1,PROW4,PROW,Amerodectes protonotaria,120
8,1,PROW4,PROW,Amerodectes protonotaria,120
8,1,PROW4,PROW,Amerodectes protonotaria,120
8,1,PROW4,PROW,Amerodectes protonotaria,120
8,1,PROW4,PROW,Amerodectes protonotaria,120
8,1,PROW4,PROW,Amerodectes protonotaria,120
8,1,PROW4,PROW,Amerodectes protonotaria,120
8,1,PROW4,PROW,Amerodectes protonotaria,120
8,1,PROW4,PROW,Amerodectes protonotaria,120
8,1,PROW4,PROW,Amerodectes protonotaria,120
8,1,PROW4,PROW,Amerodectes protonotaria,120
8,1,PROW4,PROW,Amerodectes protonotaria,120
8,1,PROW4,PROW,Amerodectes protonotaria,120
8,1,PROW4,PROW,Amerodectes protonotaria,120
8,1,PROW4,PROW,Amerodectes protonotaria,120
8,1,PROW4,PROW,Amerodectes protonotaria,120
8,1,PROW4,PROW,Amerodectes protonotaria,120
8,1,PROW4,PROW,Amerodectes protonotaria,120
8,1,PROW4,PROW,Amerodectes protonotaria,120
8,1,PROW4,PROW,Amerodectes protonotaria,120
8,1,PROW4,PROW,Amerodectes protonotaria,120
8,1,PROW4,PROW,Amerodectes protonotaria,120
8,1,PROW4,PROW,Amerodectes protonotaria,120
8,1,PROW4,PROW,Amerodectes protonotaria,120
8,1,PROW4,PROW,Amerodectes protonotaria,120
8,1,PROW4,PROW,Amerodectes protonotaria,120
9,1,PROW4,PROW,Amerodectes protonotaria,120
9,1,PROW4,PROW,Amerodectes protonotaria,120
9,1,PROW4,PROW,Amerodectes protonotaria,120
9,1,PROW4,PROW,Amerodectes protonotaria,120
9,1,PROW4,PROW,Amerodectes protonotaria,120
9,1,PROW4,PROW,Amerodectes protonotaria,120
9,1,PROW4,PROW,Amerodectes protonotaria,120
9,1,PROW4,PROW,Amerodectes protonotaria,120
9,1,PROW4,PROW,Amerodectes protonotaria,120
9,1,PROW4,PROW,Amerodectes protonotaria,120
9,1,PROW4,PROW,Amerodectes protonotaria,120
9,1,PROW4,PROW,Amerodectes protonotaria,120
9,1,PROW4,PROW,Amerodectes protonotaria,120
9,1,PROW4,PROW,Amerodectes protonotaria,120
9,1,PROW4,PROW,Amerodectes protonotaria,120
9,1,PROW4,PROW,Amerodectes protonotaria,120
9,1,PROW4,PROW,Amerodectes protonotaria,120
9,1,PROW4,PROW,Amerodectes protonotaria,120
9,1,PROW4,PROW,Amerodectes protonotaria,120
9,1,PROW4,PROW,Amerodectes protonotaria,120
9,1,PROW4,PROW,Amerodectes protonotaria,120
9,1,PROW4,PROW,Amerodectes protonotaria,120
9,1,PROW4,PROW,Amerodectes protonotaria,120
9,1,PROW4,PROW,Amerodectes protonotaria,120
9,1,PROW4,PROW,Amerodectes protonotaria,120
9,1,PROW4,PROW,Amerodectes protonotaria,120
9,1,PROW4,PROW,Amerodectes protonotaria,120
10,1,PROW4,PROW,Amerodectes protonotaria,120
10,1,PROW4,PROW,Amerodectes protonotaria,120
10,1,PROW4,PROW,Amerodectes protonotaria,120
10,1,PROW4,PROW,Amerodectes protonotaria,120
10,1,PROW4,PROW,Amerodectes protonotaria,120
10,1,PROW4,PROW,Amerodectes protonotaria,120
10,1,PROW4,PROW,Amerodectes protonotaria,120
10,1,PROW4,PROW,Amerodectes protonotaria,120
10,1,PROW4,PROW,Amerodectes protonotaria,120
10,1,PROW4,PROW,Amerodectes protonotaria,120
10,1,PROW4,PROW,Amerodectes protonotaria,120
10,1,PROW4,PROW,Amerodectes protonotaria,120
1,1,PROW5,PROW,Amerodectes protonotaria,100
2,1,PROW5,PROW,Amerodectes protonotaria,100
2,1,PROW5,PROW,Amerodectes protonotaria,100
2,1,PROW5,PROW,Amerodectes protonotaria,100
2,1,PROW5,PROW,Amerodectes protonotaria,100
4,1,PROW5,PROW,Amerodectes protonotaria,100
4,1,PROW5,PROW,Amerodectes protonotaria,100
4,1,PROW5,PROW,Amerodectes protonotaria,100
4,1,PROW5,PROW,Amerodectes protonotaria,100
4,1,PROW5,PROW,Amerodectes protonotaria,100
4,1,PROW5,PROW,Amerodectes protonotaria,100
4,1,PROW5,PROW,Amerodectes protonotaria,100
4,1,PROW5,PROW,Amerodectes protonotaria,100
5,1,PROW5,PROW,Amerodectes protonotaria,100
5,1,PROW5,PROW,Amerodectes protonotaria,100
5,1,PROW5,PROW,Amerodectes protonotaria,100
5,1,PROW5,PROW,Amerodectes protonotaria,100
5,1,PROW5,PROW,Amerodectes protonotaria,100
5,1,PROW5,PROW,Amerodectes protonotaria,100
5,1,PROW5,PROW,Amerodectes protonotaria,100
5,1,PROW5,PROW,Amerodectes protonotaria,100
5,1,PROW5,PROW,Amerodectes protonotaria,100
5,1,PROW5,PROW,Amerodectes protonotaria,100
6,1,PROW5,PROW,Amerodectes protonotaria,100
6,1,PROW5,PROW,Amerodectes protonotaria,100
6,1,PROW5,PROW,Amerodectes protonotaria,100
6,1,PROW5,PROW,Amerodectes protonotaria,100
6,1,PROW5,PROW,Amerodectes protonotaria,100
6,1,PROW5,PROW,Amerodectes protonotaria,100
6,1,PROW5,PROW,Amerodectes protonotaria,100
6,1,PROW5,PROW,Amerodectes protonotaria,100
6,1,PROW5,PROW,Amerodectes protonotaria,100
6,1,PROW5,PROW,Amerodectes protonotaria,100
6,1,PROW5,PROW,Amerodectes protonotaria,100
6,1,PROW5,PROW,Amerodectes protonotaria,100
6,1,PROW5,PROW,Amerodectes protonotaria,100
6,1,PROW5,PROW,Amerodectes protonotaria,100
6,1,PROW5,PROW,Amerodectes protonotaria,100
6,1,PROW5,PROW,Amerodectes protonotaria,100
6,1,PROW5,PROW,Amerodectes protonotaria,100
6,1,PROW5,PROW,Amerodectes protonotaria,100
7,1,PROW5,PROW,Amerodectes protonotaria,100
7,1,PROW5,PROW,Amerodectes protonotaria,100
7,1,PROW5,PROW,Amerodectes protonotaria,100
7,1,PROW5,PROW,Amerodectes protonotaria,100
7,1,PROW5,PROW,Amerodectes protonotaria,100
7,1,PROW5,PROW,Amerodectes protonotaria,100
7,1,PROW5,PROW,Amerodectes protonotaria,100
7,1,PROW5,PROW,Amerodectes protonotaria,100
7,1,PROW5,PROW,Amerodectes protonotaria,100
7,1,PROW5,PROW,Amerodectes protonotaria,100
7,1,PROW5,PROW,Amerodectes protonotaria,100
7,1,PROW5,PROW,Amerodectes protonotaria,100
7,1,PROW5,PROW,Amerodectes protonotaria,100
8,1,PROW5,PROW,Amerodectes protonotaria,100
8,1,PROW5,PROW,Amerodectes protonotaria,100
8,1,PROW5,PROW,Amerodectes protonotaria,100
8,1,PROW5,PROW,Amerodectes protonotaria,100
8,1,PROW5,PROW,Amerodectes protonotaria,100
8,1,PROW5,PROW,Amerodectes protonotaria,100
8,1,PROW5,PROW,Amerodectes protonotaria,100
8,1,PROW5,PROW,Amerodectes protonotaria,100
8,1,PROW5,PROW,Amerodectes protonotaria,100
8,1,PROW5,PROW,Amerodectes protonotaria,100
8,1,PROW5,PROW,Amerodectes protonotaria,100
9,1,PROW5,PROW,Amerodectes protonotaria,100
9,1,PROW5,PROW,Amerodectes protonotaria,100
9,1,PROW5,PROW,Amerodectes protonotaria,100
9,1,PROW5,PROW,Amerodectes protonotaria,100
9,1,PROW5,PROW,Amerodectes protonotaria,100
9,1,PROW5,PROW,Amerodectes protonotaria,100
9,1,PROW5,PROW,Amerodectes protonotaria,100
9,1,PROW5,PROW,Amerodectes protonotaria,100
9,1,PROW5,PROW,Amerodectes protonotaria,100
9,1,PROW5,PROW,Amerodectes protonotaria,100
9,1,PROW5,PROW,Amerodectes protonotaria,100
9,1,PROW5,PROW,Amerodectes protonotaria,100
9,1,PROW5,PROW,Amerodectes protonotaria,100
9,1,PROW5,PROW,Amerodectes protonotaria,100
9,1,PROW5,PROW,Amerodectes protonotaria,100
9,1,PROW5,PROW,Amerodectes protonotaria,100
9,1,PROW5,PROW,Amerodectes protonotaria,100
9,1,PROW5,PROW,Amerodectes protonotaria,100
9,1,PROW5,PROW,Amerodectes protonotaria,100
9,1,PROW5,PROW,Amerodectes protonotaria,100
9,1,PROW5,PROW,Amerodectes protonotaria,100
9,1,PROW5,PROW,Amerodectes protonotaria,100
9,1,PROW5,PROW,Amerodectes protonotaria,100
10,1,PROW5,PROW,Amerodectes protonotaria,100
10,1,PROW5,PROW,Amerodectes protonotaria,100
10,1,PROW5,PROW,Amerodectes protonotaria,100
10,1,PROW5,PROW,Amerodectes protonotaria,100
10,1,PROW5,PROW,Amerodectes protonotaria,100
10,1,PROW5,PROW,Amerodectes protonotaria,100
10,1,PROW5,PROW,Amerodectes protonotaria,100
10,1,PROW5,PROW,Amerodectes protonotaria,100
10,1,PROW5,PROW,Amerodectes protonotaria,100
10,1,PROW5,PROW,Amerodectes protonotaria,100
10,1,PROW5,PROW,Amerodectes protonotaria,100
10,1,PROW5,PROW,Amerodectes protonotaria,100
4,1,PROW5,PROW,Proctophyllodes quadratus,7
4,1,PROW5,PROW,Proctophyllodes quadratus,7
4,1,PROW5,PROW,Proctophyllodes quadratus,7
5,1,PROW5,PROW,Proctophyllodes quadratus,7
5,1,PROW5,PROW,Proctophyllodes quadratus,7
5,1,PROW5,PROW,Proctophyllodes quadratus,7
5,1,PROW5,PROW,Proctophyllodes quadratus,7
3,1,PROW6,PROW,Amerodectes protonotaria,43
3,1,PROW6,PROW,Amerodectes protonotaria,43
5,1,PROW6,PROW,Amerodectes protonotaria,43
5,1,PROW6,PROW,Amerodectes protonotaria,43
6,1,PROW6,PROW,Amerodectes protonotaria,43
6,1,PROW6,PROW,Amerodectes protonotaria,43
6,1,PROW6,PROW,Amerodectes protonotaria,43
6,1,PROW6,PROW,Amerodectes protonotaria,43
6,1,PROW6,PROW,Amerodectes protonotaria,43
6,1,PROW6,PROW,Amerodectes protonotaria,43
7,1,PROW6,PROW,Amerodectes protonotaria,43
7,1,PROW6,PROW,Amerodectes protonotaria,43
7,1,PROW6,PROW,Amerodectes protonotaria,43
7,1,PROW6,PROW,Amerodectes protonotaria,43
7,1,PROW6,PROW,Amerodectes protonotaria,43
7,1,PROW6,PROW,Amerodectes protonotaria,43
7,1,PROW6,PROW,Amerodectes protonotaria,43
7,1,PROW6,PROW,Amerodectes protonotaria,43
7,1,PROW6,PROW,Amerodectes protonotaria,43
7,1,PROW6,PROW,Amerodectes protonotaria,43
7,1,PROW6,PROW,Amerodectes protonotaria,43
7,1,PROW6,PROW,Amerodectes protonotaria,43
7,1,PROW6,PROW,Amerodectes protonotaria,43
7,1,PROW6,PROW,Amerodectes protonotaria,43
7,1,PROW6,PROW,Amerodectes protonotaria,43
7,1,PROW6,PROW,Amerodectes protonotaria,43
7,1,PROW6,PROW,Amerodectes protonotaria,43
7,1,PROW6,PROW,Amerodectes protonotaria,43
7,1,PROW6,PROW,Amerodectes protonotaria,43
8,1,PROW6,PROW,Amerodectes protonotaria,43
8,1,PROW6,PROW,Amerodectes protonotaria,43
8,1,PROW6,PROW,Amerodectes protonotaria,43
8,1,PROW6,PROW,Amerodectes protonotaria,43
8,1,PROW6,PROW,Amerodectes protonotaria,43
8,1,PROW6,PROW,Amerodectes protonotaria,43
8,1,PROW6,PROW,Amerodectes protonotaria,43
8,1,PROW6,PROW,Amerodectes protonotaria,43
9,1,PROW6,PROW,Amerodectes protonotaria,43
9,1,PROW6,PROW,Amerodectes protonotaria,43
9,1,PROW6,PROW,Amerodectes protonotaria,43
9,1,PROW6,PROW,Amerodectes protonotaria,43
10,1,PROW6,PROW,Amerodectes protonotaria,43
15,1,PROW6,PROW,Amerodectes protonotaria,43
1,1,PROW7,PROW,Amerodectes protonotaria,140
1,1,PROW7,PROW,Amerodectes protonotaria,140
1,1,PROW7,PROW,Amerodectes protonotaria,140
3,1,PROW7,PROW,Amerodectes protonotaria,140
3,1,PROW7,PROW,Amerodectes protonotaria,140
3,1,PROW7,PROW,Amerodectes protonotaria,140
3,1,PROW7,PROW,Amerodectes protonotaria,140
4,1,PROW7,PROW,Amerodectes protonotaria,140
4,1,PROW7,PROW,Amerodectes protonotaria,140
4,1,PROW7,PROW,Amerodectes protonotaria,140
4,1,PROW7,PROW,Amerodectes protonotaria,140
4,1,PROW7,PROW,Amerodectes protonotaria,140
4,1,PROW7,PROW,Amerodectes protonotaria,140
5,1,PROW7,PROW,Amerodectes protonotaria,140
5,1,PROW7,PROW,Amerodectes protonotaria,140
5,1,PROW7,PROW,Amerodectes protonotaria,140
5,1,PROW7,PROW,Amerodectes protonotaria,140
5,1,PROW7,PROW,Amerodectes protonotaria,140
5,1,PROW7,PROW,Amerodectes protonotaria,140
5,1,PROW7,PROW,Amerodectes protonotaria,140
5,1,PROW7,PROW,Amerodectes protonotaria,140
5,1,PROW7,PROW,Amerodectes protonotaria,140
5,1,PROW7,PROW,Amerodectes protonotaria,140
6,1,PROW7,PROW,Amerodectes protonotaria,140
6,1,PROW7,PROW,Amerodectes protonotaria,140
6,1,PROW7,PROW,Amerodectes protonotaria,140
6,1,PROW7,PROW,Amerodectes protonotaria,140
6,1,PROW7,PROW,Amerodectes protonotaria,140
6,1,PROW7,PROW,Amerodectes protonotaria,140
6,1,PROW7,PROW,Amerodectes protonotaria,140
6,1,PROW7,PROW,Amerodectes protonotaria,140
6,1,PROW7,PROW,Amerodectes protonotaria,140
6,1,PROW7,PROW,Amerodectes protonotaria,140
6,1,PROW7,PROW,Amerodectes protonotaria,140
6,1,PROW7,PROW,Amerodectes protonotaria,140
6,1,PROW7,PROW,Amerodectes protonotaria,140
6,1,PROW7,PROW,Amerodectes protonotaria,140
7,1,PROW7,PROW,Amerodectes protonotaria,140
7,1,PROW7,PROW,Amerodectes protonotaria,140
7,1,PROW7,PROW,Amerodectes protonotaria,140
7,1,PROW7,PROW,Amerodectes protonotaria,140
7,1,PROW7,PROW,Amerodectes protonotaria,140
7,1,PROW7,PROW,Amerodectes protonotaria,140
7,1,PROW7,PROW,Amerodectes protonotaria,140
7,1,PROW7,PROW,Amerodectes protonotaria,140
7,1,PROW7,PROW,Amerodectes protonotaria,140
7,1,PROW7,PROW,Amerodectes protonotaria,140
7,1,PROW7,PROW,Amerodectes protonotaria,140
7,1,PROW7,PROW,Amerodectes protonotaria,140
7,1,PROW7,PROW,Amerodectes protonotaria,140
7,1,PROW7,PROW,Amerodectes protonotaria,140
7,1,PROW7,PROW,Amerodectes protonotaria,140
7,1,PROW7,PROW,Amerodectes protonotaria,140
7,1,PROW7,PROW,Amerodectes protonotaria,140
7,1,PROW7,PROW,Amerodectes protonotaria,140
7,1,PROW7,PROW,Amerodectes protonotaria,140
7,1,PROW7,PROW,Amerodectes protonotaria,140
7,1,PROW7,PROW,Amerodectes protonotaria,140
7,1,PROW7,PROW,Amerodectes protonotaria,140
7,1,PROW7,PROW,Amerodectes protonotaria,140
7,1,PROW7,PROW,Amerodectes protonotaria,140
8,1,PROW7,PROW,Amerodectes protonotaria,140
8,1,PROW7,PROW,Amerodectes protonotaria,140
8,1,PROW7,PROW,Amerodectes protonotaria,140
8,1,PROW7,PROW,Amerodectes protonotaria,140
8,1,PROW7,PROW,Amerodectes protonotaria,140
8,1,PROW7,PROW,Amerodectes protonotaria,140
8,1,PROW7,PROW,Amerodectes protonotaria,140
8,1,PROW7,PROW,Amerodectes protonotaria,140
8,1,PROW7,PROW,Amerodectes protonotaria,140
8,1,PROW7,PROW,Amerodectes protonotaria,140
8,1,PROW7,PROW,Amerodectes protonotaria,140
8,1,PROW7,PROW,Amerodectes protonotaria,140
8,1,PROW7,PROW,Amerodectes protonotaria,140
8,1,PROW7,PROW,Amerodectes protonotaria,140
8,1,PROW7,PROW,Amerodectes protonotaria,140
8,1,PROW7,PROW,Amerodectes protonotaria,140
8,1,PROW7,PROW,Amerodectes protonotaria,140
8,1,PROW7,PROW,Amerodectes protonotaria,140
8,1,PROW7,PROW,Amerodectes protonotaria,140
8,1,PROW7,PROW,Amerodectes protonotaria,140
8,1,PROW7,PROW,Amerodectes protonotaria,140
9,1,PROW7,PROW,Amerodectes protonotaria,140
9,1,PROW7,PROW,Amerodectes protonotaria,140
9,1,PROW7,PROW,Amerodectes protonotaria,140
9,1,PROW7,PROW,Amerodectes protonotaria,140
9,1,PROW7,PROW,Amerodectes protonotaria,140
9,1,PROW7,PROW,Amerodectes protonotaria,140
9,1,PROW7,PROW,Amerodectes protonotaria,140
9,1,PROW7,PROW,Amerodectes protonotaria,140
9,1,PROW7,PROW,Amerodectes protonotaria,140
9,1,PROW7,PROW,Amerodectes protonotaria,140
9,1,PROW7,PROW,Amerodectes protonotaria,140
9,1,PROW7,PROW,Amerodectes protonotaria,140
9,1,PROW7,PROW,Amerodectes protonotaria,140
9,1,PROW7,PROW,Amerodectes protonotaria,140
9,1,PROW7,PROW,Amerodectes protonotaria,140
9,1,PROW7,PROW,Amerodectes protonotaria,140
9,1,PROW7,PROW,Amerodectes protonotaria,140
9,1,PROW7,PROW,Amerodectes protonotaria,140
9,1,PROW7,PROW,Amerodectes protonotaria,140
9,1,PROW7,PROW,Amerodectes protonotaria,140
9,1,PROW7,PROW,Amerodectes protonotaria,140
10,1,PROW7,PROW,Amerodectes protonotaria,140
10,1,PROW7,PROW,Amerodectes protonotaria,140
10,1,PROW7,PROW,Amerodectes protonotaria,140
10,1,PROW7,PROW,Amerodectes protonotaria,140
10,1,PROW7,PROW,Amerodectes protonotaria,140
10,1,PROW7,PROW,Amerodectes protonotaria,140
10,1,PROW7,PROW,Amerodectes protonotaria,140
10,1,PROW7,PROW,Amerodectes protonotaria,140
10,1,PROW7,PROW,Amerodectes protonotaria,140
10,1,PROW7,PROW,Amerodectes protonotaria,140
10,1,PROW7,PROW,Amerodectes protonotaria,140
10,1,PROW7,PROW,Amerodectes protonotaria,140
10,1,PROW7,PROW,Amerodectes protonotaria,140
10,1,PROW7,PROW,Amerodectes protonotaria,140
10,1,PROW7,PROW,Amerodectes protonotaria,140
10,1,PROW7,PROW,Amerodectes protonotaria,140
10,1,PROW7,PROW,Amerodectes protonotaria,140
10,1,PROW7,PROW,Amerodectes protonotaria,140
10,1,PROW7,PROW,Amerodectes protonotaria,140
10,1,PROW7,PROW,Amerodectes protonotaria,140
10,1,PROW7,PROW,Amerodectes protonotaria,140
10,1,PROW7,PROW,Amerodectes protonotaria,140
11,1,PROW7,PROW,Amerodectes protonotaria,140
11,1,PROW7,PROW,Amerodectes protonotaria,140
11,1,PROW7,PROW,Amerodectes protonotaria,140
11,1,PROW7,PROW,Amerodectes protonotaria,140
11,1,PROW7,PROW,Amerodectes protonotaria,140
11,1,PROW7,PROW,Amerodectes protonotaria,140
11,1,PROW7,PROW,Amerodectes protonotaria,140
12,1,PROW7,PROW,Amerodectes protonotaria,140
12,1,PROW7,PROW,Amerodectes protonotaria,140
12,1,PROW7,PROW,Amerodectes protonotaria,140
12,1,PROW7,PROW,Amerodectes protonotaria,140
12,1,PROW7,PROW,Amerodectes protonotaria,140
12,1,PROW7,PROW,Amerodectes protonotaria,140
12,1,PROW7,PROW,Amerodectes protonotaria,140
13,1,PROW7,PROW,Amerodectes protonotaria,140
3,1,PROW8,PROW,Amerodectes protonotaria,34
3,1,PROW8,PROW,Amerodectes protonotaria,34
4,1,PROW8,PROW,Amerodectes protonotaria,34
5,1,PROW8,PROW,Amerodectes protonotaria,34
5,1,PROW8,PROW,Amerodectes protonotaria,34
5,1,PROW8,PROW,Amerodectes protonotaria,34
5,1,PROW8,PROW,Amerodectes protonotaria,34
5,1,PROW8,PROW,Amerodectes protonotaria,34
5,1,PROW8,PROW,Amerodectes protonotaria,34
5,1,PROW8,PROW,Amerodectes protonotaria,34
5,1,PROW8,PROW,Amerodectes protonotaria,34
6,1,PROW8,PROW,Amerodectes protonotaria,34
6,1,PROW8,PROW,Amerodectes protonotaria,34
6,1,PROW8,PROW,Amerodectes protonotaria,34
6,1,PROW8,PROW,Amerodectes protonotaria,34
6,1,PROW8,PROW,Amerodectes protonotaria,34
6,1,PROW8,PROW,Amerodectes protonotaria,34
6,1,PROW8,PROW,Amerodectes protonotaria,34
6,1,PROW8,PROW,Amerodectes protonotaria,34
6,1,PROW8,PROW,Amerodectes protonotaria,34
7,1,PROW8,PROW,Amerodectes protonotaria,34
7,1,PROW8,PROW,Amerodectes protonotaria,34
7,1,PROW8,PROW,Amerodectes protonotaria,34
8,1,PROW8,PROW,Amerodectes protonotaria,34
8,1,PROW8,PROW,Amerodectes protonotaria,34
8,1,PROW8,PROW,Amerodectes protonotaria,34
8,1,PROW8,PROW,Amerodectes protonotaria,34
8,1,PROW8,PROW,Amerodectes protonotaria,34
8,1,PROW8,PROW,Amerodectes protonotaria,34
8,1,PROW8,PROW,Amerodectes protonotaria,34
8,1,PROW8,PROW,Amerodectes protonotaria,34
9,1,PROW8,PROW,Amerodectes protonotaria,34
9,1,PROW8,PROW,Amerodectes protonotaria,34
9,1,PROW8,PROW,Amerodectes protonotaria,34
6,1,PROW9,PROW,Proctophyllodes quadratus,1
1,1,PROW9,PROW,Amerodectes protonotaria,117
2,1,PROW9,PROW,Amerodectes protonotaria,117
2,1,PROW9,PROW,Amerodectes protonotaria,117
2,1,PROW9,PROW,Amerodectes protonotaria,117
2,1,PROW9,PROW,Amerodectes protonotaria,117
3,1,PROW9,PROW,Amerodectes protonotaria,117
3,1,PROW9,PROW,Amerodectes protonotaria,117
4,1,PROW9,PROW,Amerodectes protonotaria,117
4,1,PROW9,PROW,Amerodectes protonotaria,117
4,1,PROW9,PROW,Amerodectes protonotaria,117
5,1,PROW9,PROW,Amerodectes protonotaria,117
5,1,PROW9,PROW,Amerodectes protonotaria,117
5,1,PROW9,PROW,Amerodectes protonotaria,117
5,1,PROW9,PROW,Amerodectes protonotaria,117
5,1,PROW9,PROW,Amerodectes protonotaria,117
5,1,PROW9,PROW,Amerodectes protonotaria,117
5,1,PROW9,PROW,Amerodectes protonotaria,117
5,1,PROW9,PROW,Amerodectes protonotaria,117
5,1,PROW9,PROW,Amerodectes protonotaria,117
5,1,PROW9,PROW,Amerodectes protonotaria,117
5,1,PROW9,PROW,Amerodectes protonotaria,117
5,1,PROW9,PROW,Amerodectes protonotaria,117
6,1,PROW9,PROW,Amerodectes protonotaria,117
6,1,PROW9,PROW,Amerodectes protonotaria,117
6,1,PROW9,PROW,Amerodectes protonotaria,117
6,1,PROW9,PROW,Amerodectes protonotaria,117
6,1,PROW9,PROW,Amerodectes protonotaria,117
6,1,PROW9,PROW,Amerodectes protonotaria,117
6,1,PROW9,PROW,Amerodectes protonotaria,117
6,1,PROW9,PROW,Amerodectes protonotaria,117
6,1,PROW9,PROW,Amerodectes protonotaria,117
6,1,PROW9,PROW,Amerodectes protonotaria,117
6,1,PROW9,PROW,Amerodectes protonotaria,117
6,1,PROW9,PROW,Amerodectes protonotaria,117
6,1,PROW9,PROW,Amerodectes protonotaria,117
6,1,PROW9,PROW,Amerodectes protonotaria,117
6,1,PROW9,PROW,Amerodectes protonotaria,117
6,1,PROW9,PROW,Amerodectes protonotaria,117
6,1,PROW9,PROW,Amerodectes protonotaria,117
7,1,PROW9,PROW,Amerodectes protonotaria,117
7,1,PROW9,PROW,Amerodectes protonotaria,117
7,1,PROW9,PROW,Amerodectes protonotaria,117
7,1,PROW9,PROW,Amerodectes protonotaria,117
7,1,PROW9,PROW,Amerodectes protonotaria,117
7,1,PROW9,PROW,Amerodectes protonotaria,117
7,1,PROW9,PROW,Amerodectes protonotaria,117
7,1,PROW9,PROW,Amerodectes protonotaria,117
7,1,PROW9,PROW,Amerodectes protonotaria,117
7,1,PROW9,PROW,Amerodectes protonotaria,117
7,1,PROW9,PROW,Amerodectes protonotaria,117
7,1,PROW9,PROW,Amerodectes protonotaria,117
7,1,PROW9,PROW,Amerodectes protonotaria,117
7,1,PROW9,PROW,Amerodectes protonotaria,117
7,1,PROW9,PROW,Amerodectes protonotaria,117
7,1,PROW9,PROW,Amerodectes protonotaria,117
7,1,PROW9,PROW,Amerodectes protonotaria,117
7,1,PROW9,PROW,Amerodectes protonotaria,117
7,1,PROW9,PROW,Amerodectes protonotaria,117
7,1,PROW9,PROW,Amerodectes protonotaria,117
8,1,PROW9,PROW,Amerodectes protonotaria,117
8,1,PROW9,PROW,Amerodectes protonotaria,117
8,1,PROW9,PROW,Amerodectes protonotaria,117
8,1,PROW9,PROW,Amerodectes protonotaria,117
8,1,PROW9,PROW,Amerodectes protonotaria,117
8,1,PROW9,PROW,Amerodectes protonotaria,117
8,1,PROW9,PROW,Amerodectes protonotaria,117
8,1,PROW9,PROW,Amerodectes protonotaria,117
8,1,PROW9,PROW,Amerodectes protonotaria,117
8,1,PROW9,PROW,Amerodectes protonotaria,117
8,1,PROW9,PROW,Amerodectes protonotaria,117
8,1,PROW9,PROW,Amerodectes protonotaria,117
8,1,PROW9,PROW,Amerodectes protonotaria,117
8,1,PROW9,PROW,Amerodectes protonotaria,117
8,1,PROW9,PROW,Amerodectes protonotaria,117
8,1,PROW9,PROW,Amerodectes protonotaria,117
8,1,PROW9,PROW,Amerodectes protonotaria,117
8,1,PROW9,PROW,Amerodectes protonotaria,117
8,1,PROW9,PROW,Amerodectes protonotaria,117
9,1,PROW9,PROW,Amerodectes protonotaria,117
9,1,PROW9,PROW,Amerodectes protonotaria,117
9,1,PROW9,PROW,Amerodectes protonotaria,117
9,1,PROW9,PROW,Amerodectes protonotaria,117
9,1,PROW9,PROW,Amerodectes protonotaria,117
9,1,PROW9,PROW,Amerodectes protonotaria,117
9,1,PROW9,PROW,Amerodectes protonotaria,117
9,1,PROW9,PROW,Amerodectes protonotaria,117
9,1,PROW9,PROW,Amerodectes protonotaria,117
9,1,PROW9,PROW,Amerodectes protonotaria,117
9,1,PROW9,PROW,Amerodectes protonotaria,117
9,1,PROW9,PROW,Amerodectes protonotaria,117
9,1,PROW9,PROW,Amerodectes protonotaria,117
9,1,PROW9,PROW,Amerodectes protonotaria,117
9,1,PROW9,PROW,Amerodectes protonotaria,117
9,1,PROW9,PROW,Amerodectes protonotaria,117
9,1,PROW9,PROW,Amerodectes protonotaria,117
9,1,PROW9,PROW,Amerodectes protonotaria,117
9,1,PROW9,PROW,Amerodectes protonotaria,117
10,1,PROW9,PROW,Amerodectes protonotaria,117
10,1,PROW9,PROW,Amerodectes protonotaria,117
10,1,PROW9,PROW,Amerodectes protonotaria,117
10,1,PROW9,PROW,Amerodectes protonotaria,117
10,1,PROW9,PROW,Amerodectes protonotaria,117
10,1,PROW9,PROW,Amerodectes protonotaria,117
10,1,PROW9,PROW,Amerodectes protonotaria,117
10,1,PROW9,PROW,Amerodectes protonotaria,117
10,1,PROW9,PROW,Amerodectes protonotaria,117
10,1,PROW9,PROW,Amerodectes protonotaria,117
10,1,PROW9,PROW,Amerodectes protonotaria,117
10,1,PROW9,PROW,Amerodectes protonotaria,117
10,1,PROW9,PROW,Amerodectes protonotaria,117
10,1,PROW9,PROW,Amerodectes protonotaria,117
11,1,PROW9,PROW,Amerodectes protonotaria,117
12,1,PROW9,PROW,Amerodectes protonotaria,117
12,1,PROW9,PROW,Amerodectes protonotaria,117
16,1,PROW9,PROW,Amerodectes protonotaria,117
17,1,PROW9,PROW,Amerodectes protonotaria,117
17,1,PROW9,PROW,Amerodectes protonotaria,117
1,1,PROW10,PROW,Amerodectes protonotaria,8
3,0,PROW10,PROW,Amerodectes protonotaria,8
4,1,PROW10,PROW,Amerodectes protonotaria,8
4,1,PROW10,PROW,Amerodectes protonotaria,8
4,1,PROW10,PROW,Amerodectes protonotaria,8
4,1,PROW10,PROW,Amerodectes protonotaria,8
4,0,PROW10,PROW,Amerodectes protonotaria,8
5,1,PROW10,PROW,Amerodectes protonotaria,8
1,1,PROW10,PROW,Proctophyllodes quadratus,4
4,1,PROW10,PROW,Proctophyllodes quadratus,4
6,1,PROW10,PROW,Proctophyllodes quadratus,4
8,1,PROW10,PROW,Proctophyllodes quadratus,4
3,1,CERW1,CERW,Amerodectes ischyros,90
4,1,CERW1,CERW,Amerodectes ischyros,90
6,1,CERW1,CERW,Amerodectes ischyros,90
6,1,CERW1,CERW,Amerodectes ischyros,90
7,1,CERW1,CERW,Amerodectes ischyros,90
7,1,CERW1,CERW,Amerodectes ischyros,90
7,1,CERW1,CERW,Amerodectes ischyros,90
7,1,CERW1,CERW,Amerodectes ischyros,90
7,1,CERW1,CERW,Amerodectes ischyros,90
7,1,CERW1,CERW,Amerodectes ischyros,90
7,1,CERW1,CERW,Amerodectes ischyros,90
7,1,CERW1,CERW,Amerodectes ischyros,90
7,1,CERW1,CERW,Amerodectes ischyros,90
7,1,CERW1,CERW,Amerodectes ischyros,90
7,1,CERW1,CERW,Amerodectes ischyros,90
7,1,CERW1,CERW,Amerodectes ischyros,90
7,1,CERW1,CERW,Amerodectes ischyros,90
7,1,CERW1,CERW,Amerodectes ischyros,90
8,1,CERW1,CERW,Amerodectes ischyros,90
8,1,CERW1,CERW,Amerodectes ischyros,90
8,1,CERW1,CERW,Amerodectes ischyros,90
8,1,CERW1,CERW,Amerodectes ischyros,90
8,1,CERW1,CERW,Amerodectes ischyros,90
8,1,CERW1,CERW,Amerodectes ischyros,90
8,1,CERW1,CERW,Amerodectes ischyros,90
8,1,CERW1,CERW,Amerodectes ischyros,90
8,1,CERW1,CERW,Amerodectes ischyros,90
8,1,CERW1,CERW,Amerodectes ischyros,90
8,1,CERW1,CERW,Amerodectes ischyros,90
8,1,CERW1,CERW,Amerodectes ischyros,90
8,1,CERW1,CERW,Amerodectes ischyros,90
9,1,CERW1,CERW,Amerodectes ischyros,90
9,1,CERW1,CERW,Amerodectes ischyros,90
9,1,CERW1,CERW,Amerodectes ischyros,90
9,1,CERW1,CERW,Amerodectes ischyros,90
9,1,CERW1,CERW,Amerodectes ischyros,90
9,1,CERW1,CERW,Amerodectes ischyros,90
9,1,CERW1,CERW,Amerodectes ischyros,90
9,1,CERW1,CERW,Amerodectes ischyros,90
9,1,CERW1,CERW,Amerodectes ischyros,90
9,1,CERW1,CERW,Amerodectes ischyros,90
9,1,CERW1,CERW,Amerodectes ischyros,90
9,1,CERW1,CERW,Amerodectes ischyros,90
9,1,CERW1,CERW,Amerodectes ischyros,90
9,1,CERW1,CERW,Amerodectes ischyros,90
9,1,CERW1,CERW,Amerodectes ischyros,90
9,1,CERW1,CERW,Amerodectes ischyros,90
10,1,CERW1,CERW,Amerodectes ischyros,90
10,1,CERW1,CERW,Amerodectes ischyros,90
10,1,CERW1,CERW,Amerodectes ischyros,90
10,1,CERW1,CERW,Amerodectes ischyros,90
10,1,CERW1,CERW,Amerodectes ischyros,90
10,1,CERW1,CERW,Amerodectes ischyros,90
10,1,CERW1,CERW,Amerodectes ischyros,90
10,1,CERW1,CERW,Amerodectes ischyros,90
10,1,CERW1,CERW,Amerodectes ischyros,90
10,1,CERW1,CERW,Amerodectes ischyros,90
10,1,CERW1,CERW,Amerodectes ischyros,90
10,1,CERW1,CERW,Amerodectes ischyros,90
10,1,CERW1,CERW,Amerodectes ischyros,90
10,1,CERW1,CERW,Amerodectes ischyros,90
10,1,CERW1,CERW,Amerodectes ischyros,90
10,1,CERW1,CERW,Amerodectes ischyros,90
11,1,CERW1,CERW,Amerodectes ischyros,90
11,1,CERW1,CERW,Amerodectes ischyros,90
11,1,CERW1,CERW,Amerodectes ischyros,90
11,1,CERW1,CERW,Amerodectes ischyros,90
11,1,CERW1,CERW,Amerodectes ischyros,90
11,1,CERW1,CERW,Amerodectes ischyros,90
11,1,CERW1,CERW,Amerodectes ischyros,90
11,1,CERW1,CERW,Amerodectes ischyros,90
11,1,CERW1,CERW,Amerodectes ischyros,90
11,1,CERW1,CERW,Amerodectes ischyros,90
11,1,CERW1,CERW,Amerodectes ischyros,90
11,1,CERW1,CERW,Amerodectes ischyros,90
12,1,CERW1,CERW,Amerodectes ischyros,90
12,1,CERW1,CERW,Amerodectes ischyros,90
12,1,CERW1,CERW,Amerodectes ischyros,90
12,1,CERW1,CERW,Amerodectes ischyros,90
12,1,CERW1,CERW,Amerodectes ischyros,90
13,1,CERW1,CERW,Amerodectes ischyros,90
13,1,CERW1,CERW,Amerodectes ischyros,90
13,1,CERW1,CERW,Amerodectes ischyros,90
13,1,CERW1,CERW,Amerodectes ischyros,90
13,1,CERW1,CERW,Amerodectes ischyros,90
13,1,CERW1,CERW,Amerodectes ischyros,90
14,1,CERW1,CERW,Amerodectes ischyros,90
15,1,CERW1,CERW,Amerodectes ischyros,90
15,1,CERW1,CERW,Amerodectes ischyros,90
15,1,CERW1,CERW,Amerodectes ischyros,90
2,1,CERW2,CERW,Amerodectes ischyros,225
3,1,CERW2,CERW,Amerodectes ischyros,225
3,1,CERW2,CERW,Amerodectes ischyros,225
3,1,CERW2,CERW,Amerodectes ischyros,225
4,1,CERW2,CERW,Amerodectes ischyros,225
4,1,CERW2,CERW,Amerodectes ischyros,225
4,1,CERW2,CERW,Amerodectes ischyros,225
4,1,CERW2,CERW,Amerodectes ischyros,225
4,1,CERW2,CERW,Amerodectes ischyros,225
5,1,CERW2,CERW,Amerodectes ischyros,225
6,1,CERW2,CERW,Amerodectes ischyros,225
6,1,CERW2,CERW,Amerodectes ischyros,225
6,1,CERW2,CERW,Amerodectes ischyros,225
6,1,CERW2,CERW,Amerodectes ischyros,225
6,1,CERW2,CERW,Amerodectes ischyros,225
6,1,CERW2,CERW,Amerodectes ischyros,225
6,1,CERW2,CERW,Amerodectes ischyros,225
6,1,CERW2,CERW,Amerodectes ischyros,225
6,1,CERW2,CERW,Amerodectes ischyros,225
7,1,CERW2,CERW,Amerodectes ischyros,225
7,1,CERW2,CERW,Amerodectes ischyros,225
7,1,CERW2,CERW,Amerodectes ischyros,225
7,1,CERW2,CERW,Amerodectes ischyros,225
7,1,CERW2,CERW,Amerodectes ischyros,225
7,1,CERW2,CERW,Amerodectes ischyros,225
7,1,CERW2,CERW,Amerodectes ischyros,225
7,1,CERW2,CERW,Amerodectes ischyros,225
7,1,CERW2,CERW,Amerodectes ischyros,225
7,1,CERW2,CERW,Amerodectes ischyros,225
7,1,CERW2,CERW,Amerodectes ischyros,225
7,1,CERW2,CERW,Amerodectes ischyros,225
7,1,CERW2,CERW,Amerodectes ischyros,225
7,1,CERW2,CERW,Amerodectes ischyros,225
7,1,CERW2,CERW,Amerodectes ischyros,225
8,1,CERW2,CERW,Amerodectes ischyros,225
8,1,CERW2,CERW,Amerodectes ischyros,225
8,1,CERW2,CERW,Amerodectes ischyros,225
8,1,CERW2,CERW,Amerodectes ischyros,225
8,1,CERW2,CERW,Amerodectes ischyros,225
8,1,CERW2,CERW,Amerodectes ischyros,225
8,1,CERW2,CERW,Amerodectes ischyros,225
8,1,CERW2,CERW,Amerodectes ischyros,225
8,1,CERW2,CERW,Amerodectes ischyros,225
8,1,CERW2,CERW,Amerodectes ischyros,225
8,1,CERW2,CERW,Amerodectes ischyros,225
8,1,CERW2,CERW,Amerodectes ischyros,225
8,1,CERW2,CERW,Amerodectes ischyros,225
8,1,CERW2,CERW,Amerodectes ischyros,225
8,1,CERW2,CERW,Amerodectes ischyros,225
8,1,CERW2,CERW,Amerodectes ischyros,225
8,1,CERW2,CERW,Amerodectes ischyros,225
8,1,CERW2,CERW,Amerodectes ischyros,225
8,1,CERW2,CERW,Amerodectes ischyros,225
8,1,CERW2,CERW,Amerodectes ischyros,225
8,1,CERW2,CERW,Amerodectes ischyros,225
9,1,CERW2,CERW,Amerodectes ischyros,225
9,1,CERW2,CERW,Amerodectes ischyros,225
9,1,CERW2,CERW,Amerodectes ischyros,225
9,1,CERW2,CERW,Amerodectes ischyros,225
9,1,CERW2,CERW,Amerodectes ischyros,225
9,1,CERW2,CERW,Amerodectes ischyros,225
9,1,CERW2,CERW,Amerodectes ischyros,225
9,1,CERW2,CERW,Amerodectes ischyros,225
9,1,CERW2,CERW,Amerodectes ischyros,225
9,1,CERW2,CERW,Amerodectes ischyros,225
9,1,CERW2,CERW,Amerodectes ischyros,225
9,1,CERW2,CERW,Amerodectes ischyros,225
9,1,CERW2,CERW,Amerodectes ischyros,225
9,1,CERW2,CERW,Amerodectes ischyros,225
9,1,CERW2,CERW,Amerodectes ischyros,225
9,1,CERW2,CERW,Amerodectes ischyros,225
9,1,CERW2,CERW,Amerodectes ischyros,225
9,1,CERW2,CERW,Amerodectes ischyros,225
9,1,CERW2,CERW,Amerodectes ischyros,225
9,1,CERW2,CERW,Amerodectes ischyros,225
9,1,CERW2,CERW,Amerodectes ischyros,225
9,1,CERW2,CERW,Amerodectes ischyros,225
9,1,CERW2,CERW,Amerodectes ischyros,225
9,1,CERW2,CERW,Amerodectes ischyros,225
9,1,CERW2,CERW,Amerodectes ischyros,225
9,1,CERW2,CERW,Amerodectes ischyros,225
9,1,CERW2,CERW,Amerodectes ischyros,225
9,1,CERW2,CERW,Amerodectes ischyros,225
9,1,CERW2,CERW,Amerodectes ischyros,225
9,1,CERW2,CERW,Amerodectes ischyros,225
9,1,CERW2,CERW,Amerodectes ischyros,225
10,1,CERW2,CERW,Amerodectes ischyros,225
10,1,CERW2,CERW,Amerodectes ischyros,225
10,1,CERW2,CERW,Amerodectes ischyros,225
10,1,CERW2,CERW,Amerodectes ischyros,225
10,1,CERW2,CERW,Amerodectes ischyros,225
10,1,CERW2,CERW,Amerodectes ischyros,225
10,1,CERW2,CERW,Amerodectes ischyros,225
10,1,CERW2,CERW,Amerodectes ischyros,225
10,1,CERW2,CERW,Amerodectes ischyros,225
10,1,CERW2,CERW,Amerodectes ischyros,225
10,1,CERW2,CERW,Amerodectes ischyros,225
10,1,CERW2,CERW,Amerodectes ischyros,225
10,1,CERW2,CERW,Amerodectes ischyros,225
10,1,CERW2,CERW,Amerodectes ischyros,225
10,1,CERW2,CERW,Amerodectes ischyros,225
10,1,CERW2,CERW,Amerodectes ischyros,225
10,1,CERW2,CERW,Amerodectes ischyros,225
10,1,CERW2,CERW,Amerodectes ischyros,225
10,1,CERW2,CERW,Amerodectes ischyros,225
10,1,CERW2,CERW,Amerodectes ischyros,225
10,1,CERW2,CERW,Amerodectes ischyros,225
10,1,CERW2,CERW,Amerodectes ischyros,225
10,1,CERW2,CERW,Amerodectes ischyros,225
10,1,CERW2,CERW,Amerodectes ischyros,225
10,1,CERW2,CERW,Amerodectes ischyros,225
10,1,CERW2,CERW,Amerodectes ischyros,225
10,1,CERW2,CERW,Amerodectes ischyros,225
10,1,CERW2,CERW,Amerodectes ischyros,225
10,1,CERW2,CERW,Amerodectes ischyros,225
10,1,CERW2,CERW,Amerodectes ischyros,225
10,1,CERW2,CERW,Amerodectes ischyros,225
10,1,CERW2,CERW,Amerodectes ischyros,225
10,1,CERW2,CERW,Amerodectes ischyros,225
10,1,CERW2,CERW,Amerodectes ischyros,225
10,1,CERW2,CERW,Amerodectes ischyros,225
10,1,CERW2,CERW,Amerodectes ischyros,225
10,1,CERW2,CERW,Amerodectes ischyros,225
10,1,CERW2,CERW,Amerodectes ischyros,225
11,1,CERW2,CERW,Amerodectes ischyros,225
11,1,CERW2,CERW,Amerodectes ischyros,225
11,1,CERW2,CERW,Amerodectes ischyros,225
11,1,CERW2,CERW,Amerodectes ischyros,225
11,1,CERW2,CERW,Amerodectes ischyros,225
11,1,CERW2,CERW,Amerodectes ischyros,225
11,1,CERW2,CERW,Amerodectes ischyros,225
11,1,CERW2,CERW,Amerodectes ischyros,225
11,1,CERW2,CERW,Amerodectes ischyros,225
11,1,CERW2,CERW,Amerodectes ischyros,225
11,1,CERW2,CERW,Amerodectes ischyros,225
11,1,CERW2,CERW,Amerodectes ischyros,225
11,1,CERW2,CERW,Amerodectes ischyros,225
11,1,CERW2,CERW,Amerodectes ischyros,225
11,1,CERW2,CERW,Amerodectes ischyros,225
11,1,CERW2,CERW,Amerodectes ischyros,225
11,1,CERW2,CERW,Amerodectes ischyros,225
11,1,CERW2,CERW,Amerodectes ischyros,225
11,1,CERW2,CERW,Amerodectes ischyros,225
11,1,CERW2,CERW,Amerodectes ischyros,225
12,1,CERW2,CERW,Amerodectes ischyros,225
12,1,CERW2,CERW,Amerodectes ischyros,225
12,1,CERW2,CERW,Amerodectes ischyros,225
12,1,CERW2,CERW,Amerodectes ischyros,225
12,1,CERW2,CERW,Amerodectes ischyros,225
12,1,CERW2,CERW,Amerodectes ischyros,225
12,1,CERW2,CERW,Amerodectes ischyros,225
12,1,CERW2,CERW,Amerodectes ischyros,225
12,1,CERW2,CERW,Amerodectes ischyros,225
12,1,CERW2,CERW,Amerodectes ischyros,225
12,1,CERW2,CERW,Amerodectes ischyros,225
12,1,CERW2,CERW,Amerodectes ischyros,225
12,1,CERW2,CERW,Amerodectes ischyros,225
12,1,CERW2,CERW,Amerodectes ischyros,225
12,1,CERW2,CERW,Amerodectes ischyros,225
12,1,CERW2,CERW,Amerodectes ischyros,225
12,1,CERW2,CERW,Amerodectes ischyros,225
12,1,CERW2,CERW,Amerodectes ischyros,225
12,1,CERW2,CERW,Amerodectes ischyros,225
12,1,CERW2,CERW,Amerodectes ischyros,225
12,1,CERW2,CERW,Amerodectes ischyros,225
12,1,CERW2,CERW,Amerodectes ischyros,225
12,1,CERW2,CERW,Amerodectes ischyros,225
13,1,CERW2,CERW,Amerodectes ischyros,225
13,1,CERW2,CERW,Amerodectes ischyros,225
13,1,CERW2,CERW,Amerodectes ischyros,225
13,1,CERW2,CERW,Amerodectes ischyros,225
13,1,CERW2,CERW,Amerodectes ischyros,225
13,1,CERW2,CERW,Amerodectes ischyros,225
13,1,CERW2,CERW,Amerodectes ischyros,225
13,1,CERW2,CERW,Amerodectes ischyros,225
13,1,CERW2,CERW,Amerodectes ischyros,225
13,1,CERW2,CERW,Amerodectes ischyros,225
13,1,CERW2,CERW,Amerodectes ischyros,225
13,1,CERW2,CERW,Amerodectes ischyros,225
13,1,CERW2,CERW,Amerodectes ischyros,225
13,1,CERW2,CERW,Amerodectes ischyros,225
13,1,CERW2,CERW,Amerodectes ischyros,225
13,1,CERW2,CERW,Amerodectes ischyros,225
13,1,CERW2,CERW,Amerodectes ischyros,225
13,1,CERW2,CERW,Amerodectes ischyros,225
13,1,CERW2,CERW,Amerodectes ischyros,225
13,1,CERW2,CERW,Amerodectes ischyros,225
13,1,CERW2,CERW,Amerodectes ischyros,225
14,1,CERW2,CERW,Amerodectes ischyros,225
14,1,CERW2,CERW,Amerodectes ischyros,225
14,1,CERW2,CERW,Amerodectes ischyros,225
14,1,CERW2,CERW,Amerodectes ischyros,225
14,1,CERW2,CERW,Amerodectes ischyros,225
14,1,CERW2,CERW,Amerodectes ischyros,225
14,1,CERW2,CERW,Amerodectes ischyros,225
14,1,CERW2,CERW,Amerodectes ischyros,225
14,1,CERW2,CERW,Amerodectes ischyros,225
14,1,CERW2,CERW,Amerodectes ischyros,225
14,1,CERW2,CERW,Amerodectes ischyros,225
14,1,CERW2,CERW,Amerodectes ischyros,225
14,1,CERW2,CERW,Amerodectes ischyros,225
14,1,CERW2,CERW,Amerodectes ischyros,225
14,1,CERW2,CERW,Amerodectes ischyros,225
14,1,CERW2,CERW,Amerodectes ischyros,225
14,1,CERW2,CERW,Amerodectes ischyros,225
14,1,CERW2,CERW,Amerodectes ischyros,225
15,1,CERW2,CERW,Amerodectes ischyros,225
15,1,CERW2,CERW,Amerodectes ischyros,225
15,1,CERW2,CERW,Amerodectes ischyros,225
15,1,CERW2,CERW,Amerodectes ischyros,225
15,1,CERW2,CERW,Amerodectes ischyros,225
15,1,CERW2,CERW,Amerodectes ischyros,225
15,1,CERW2,CERW,Amerodectes ischyros,225
15,1,CERW2,CERW,Amerodectes ischyros,225
15,1,CERW2,CERW,Amerodectes ischyros,225
15,1,CERW2,CERW,Amerodectes ischyros,225
15,1,CERW2,CERW,Amerodectes ischyros,225
15,1,CERW2,CERW,Amerodectes ischyros,225
15,1,CERW2,CERW,Amerodectes ischyros,225
15,1,CERW2,CERW,Amerodectes ischyros,225
15,1,CERW2,CERW,Amerodectes ischyros,225
15,1,CERW2,CERW,Amerodectes ischyros,225
16,1,CERW2,CERW,Amerodectes ischyros,225
16,1,CERW2,CERW,Amerodectes ischyros,225
16,1,CERW2,CERW,Amerodectes ischyros,225
6,1,CERW2,CERW,Proctophyllodes quadratus,5
7,1,CERW2,CERW,Proctophyllodes quadratus,5
8,1,CERW2,CERW,Proctophyllodes quadratus,5
8,1,CERW2,CERW,Proctophyllodes quadratus,5
9,1,CERW2,CERW,Proctophyllodes quadratus,5
2,1,PROW11,PROW,Amerodectes protonotaria,143
2,1,PROW11,PROW,Amerodectes protonotaria,143
2,1,PROW11,PROW,Amerodectes protonotaria,143
2,1,PROW11,PROW,Amerodectes protonotaria,143
2,1,PROW11,PROW,Amerodectes protonotaria,143
2,1,PROW11,PROW,Amerodectes protonotaria,143
2,1,PROW11,PROW,Amerodectes protonotaria,143
2,1,PROW11,PROW,Amerodectes protonotaria,143
2,1,PROW11,PROW,Amerodectes protonotaria,143
3,1,PROW11,PROW,Amerodectes protonotaria,143
3,1,PROW11,PROW,Amerodectes protonotaria,143
3,1,PROW11,PROW,Amerodectes protonotaria,143
3,1,PROW11,PROW,Amerodectes protonotaria,143
3,1,PROW11,PROW,Amerodectes protonotaria,143
3,1,PROW11,PROW,Amerodectes protonotaria,143
3,1,PROW11,PROW,Amerodectes protonotaria,143
3,1,PROW11,PROW,Amerodectes protonotaria,143
3,1,PROW11,PROW,Amerodectes protonotaria,143
3,1,PROW11,PROW,Amerodectes protonotaria,143
4,1,PROW11,PROW,Amerodectes protonotaria,143
4,1,PROW11,PROW,Amerodectes protonotaria,143
4,1,PROW11,PROW,Amerodectes protonotaria,143
4,1,PROW11,PROW,Amerodectes protonotaria,143
4,1,PROW11,PROW,Amerodectes protonotaria,143
4,1,PROW11,PROW,Amerodectes protonotaria,143
4,1,PROW11,PROW,Amerodectes protonotaria,143
4,1,PROW11,PROW,Amerodectes protonotaria,143
4,1,PROW11,PROW,Amerodectes protonotaria,143
4,1,PROW11,PROW,Amerodectes protonotaria,143
4,1,PROW11,PROW,Amerodectes protonotaria,143
4,1,PROW11,PROW,Amerodectes protonotaria,143
5,1,PROW11,PROW,Amerodectes protonotaria,143
5,1,PROW11,PROW,Amerodectes protonotaria,143
5,1,PROW11,PROW,Amerodectes protonotaria,143
5,1,PROW11,PROW,Amerodectes protonotaria,143
5,1,PROW11,PROW,Amerodectes protonotaria,143
5,1,PROW11,PROW,Amerodectes protonotaria,143
5,1,PROW11,PROW,Amerodectes protonotaria,143
5,1,PROW11,PROW,Amerodectes protonotaria,143
5,1,PROW11,PROW,Amerodectes protonotaria,143
5,1,PROW11,PROW,Amerodectes protonotaria,143
5,1,PROW11,PROW,Amerodectes protonotaria,143
5,1,PROW11,PROW,Amerodectes protonotaria,143
5,1,PROW11,PROW,Amerodectes protonotaria,143
5,1,PROW11,PROW,Amerodectes protonotaria,143
5,1,PROW11,PROW,Amerodectes protonotaria,143
5,1,PROW11,PROW,Amerodectes protonotaria,143
5,1,PROW11,PROW,Amerodectes protonotaria,143
5,1,PROW11,PROW,Amerodectes protonotaria,143
5,1,PROW11,PROW,Amerodectes protonotaria,143
5,1,PROW11,PROW,Amerodectes protonotaria,143
5,1,PROW11,PROW,Amerodectes protonotaria,143
6,1,PROW11,PROW,Amerodectes protonotaria,143
6,1,PROW11,PROW,Amerodectes protonotaria,143
6,1,PROW11,PROW,Amerodectes protonotaria,143
6,1,PROW11,PROW,Amerodectes protonotaria,143
6,1,PROW11,PROW,Amerodectes protonotaria,143
6,1,PROW11,PROW,Amerodectes protonotaria,143
6,1,PROW11,PROW,Amerodectes protonotaria,143
6,1,PROW11,PROW,Amerodectes protonotaria,143
6,1,PROW11,PROW,Amerodectes protonotaria,143
6,1,PROW11,PROW,Amerodectes protonotaria,143
6,1,PROW11,PROW,Amerodectes protonotaria,143
6,1,PROW11,PROW,Amerodectes protonotaria,143
6,1,PROW11,PROW,Amerodectes protonotaria,143
6,1,PROW11,PROW,Amerodectes protonotaria,143
6,1,PROW11,PROW,Amerodectes protonotaria,143
6,1,PROW11,PROW,Amerodectes protonotaria,143
6,1,PROW11,PROW,Amerodectes protonotaria,143
6,1,PROW11,PROW,Amerodectes protonotaria,143
6,1,PROW11,PROW,Amerodectes protonotaria,143
6,1,PROW11,PROW,Amerodectes protonotaria,143
6,1,PROW11,PROW,Amerodectes protonotaria,143
6,1,PROW11,PROW,Amerodectes protonotaria,143
6,1,PROW11,PROW,Amerodectes protonotaria,143
7,1,PROW11,PROW,Amerodectes protonotaria,143
7,1,PROW11,PROW,Amerodectes protonotaria,143
7,1,PROW11,PROW,Amerodectes protonotaria,143
7,1,PROW11,PROW,Amerodectes protonotaria,143
7,1,PROW11,PROW,Amerodectes protonotaria,143
7,1,PROW11,PROW,Amerodectes protonotaria,143
7,1,PROW11,PROW,Amerodectes protonotaria,143
7,1,PROW11,PROW,Amerodectes protonotaria,143
7,1,PROW11,PROW,Amerodectes protonotaria,143
7,1,PROW11,PROW,Amerodectes protonotaria,143
7,1,PROW11,PROW,Amerodectes protonotaria,143
7,1,PROW11,PROW,Amerodectes protonotaria,143
7,1,PROW11,PROW,Amerodectes protonotaria,143
7,1,PROW11,PROW,Amerodectes protonotaria,143
7,1,PROW11,PROW,Amerodectes protonotaria,143
7,1,PROW11,PROW,Amerodectes protonotaria,143
7,1,PROW11,PROW,Amerodectes protonotaria,143
7,1,PROW11,PROW,Amerodectes protonotaria,143
7,1,PROW11,PROW,Amerodectes protonotaria,143
7,1,PROW11,PROW,Amerodectes protonotaria,143
7,1,PROW11,PROW,Amerodectes protonotaria,143
7,1,PROW11,PROW,Amerodectes protonotaria,143
7,1,PROW11,PROW,Amerodectes protonotaria,143
7,1,PROW11,PROW,Amerodectes protonotaria,143
8,1,PROW11,PROW,Amerodectes protonotaria,143
8,1,PROW11,PROW,Amerodectes protonotaria,143
8,1,PROW11,PROW,Amerodectes protonotaria,143
8,1,PROW11,PROW,Amerodectes protonotaria,143
8,1,PROW11,PROW,Amerodectes protonotaria,143
8,1,PROW11,PROW,Amerodectes protonotaria,143
8,1,PROW11,PROW,Amerodectes protonotaria,143
8,1,PROW11,PROW,Amerodectes protonotaria,143
8,1,PROW11,PROW,Amerodectes protonotaria,143
8,1,PROW11,PROW,Amerodectes protonotaria,143
8,1,PROW11,PROW,Amerodectes protonotaria,143
8,1,PROW11,PROW,Amerodectes protonotaria,143
8,1,PROW11,PROW,Amerodectes protonotaria,143
8,1,PROW11,PROW,Amerodectes protonotaria,143
8,1,PROW11,PROW,Amerodectes protonotaria,143
8,1,PROW11,PROW,Amerodectes protonotaria,143
8,1,PROW11,PROW,Amerodectes protonotaria,143
8,1,PROW11,PROW,Amerodectes protonotaria,143
8,1,PROW11,PROW,Amerodectes protonotaria,143
8,1,PROW11,PROW,Amerodectes protonotaria,143
8,1,PROW11,PROW,Amerodectes protonotaria,143
8,1,PROW11,PROW,Amerodectes protonotaria,143
8,1,PROW11,PROW,Amerodectes protonotaria,143
8,1,PROW11,PROW,Amerodectes protonotaria,143
8,1,PROW11,PROW,Amerodectes protonotaria,143
8,1,PROW11,PROW,Amerodectes protonotaria,143
8,1,PROW11,PROW,Amerodectes protonotaria,143
8,1,PROW11,PROW,Amerodectes protonotaria,143
8,1,PROW11,PROW,Amerodectes protonotaria,143
8,1,PROW11,PROW,Amerodectes protonotaria,143
8,1,PROW11,PROW,Amerodectes protonotaria,143
8,1,PROW11,PROW,Amerodectes protonotaria,143
8,1,PROW11,PROW,Amerodectes protonotaria,143
8,1,PROW11,PROW,Amerodectes protonotaria,143
8,1,PROW11,PROW,Amerodectes protonotaria,143
8,1,PROW11,PROW,Amerodectes protonotaria,143
9,1,PROW11,PROW,Amerodectes protonotaria,143
9,1,PROW11,PROW,Amerodectes protonotaria,143
9,1,PROW11,PROW,Amerodectes protonotaria,143
9,1,PROW11,PROW,Amerodectes protonotaria,143
9,1,PROW11,PROW,Amerodectes protonotaria,143
9,1,PROW11,PROW,Amerodectes protonotaria,143
9,1,PROW11,PROW,Amerodectes protonotaria,143
9,1,PROW11,PROW,Amerodectes protonotaria,143
2,1,PROW11,PROW,Proctophyllodes quadratus,2
3,1,PROW11,PROW,Proctophyllodes quadratus,2
2,1,CERW3,CERW,Amerodectes ischyros,99
2,1,CERW3,CERW,Amerodectes ischyros,99
2,1,CERW3,CERW,Amerodectes ischyros,99
2,1,CERW3,CERW,Amerodectes ischyros,99
2,1,CERW3,CERW,Amerodectes ischyros,99
2,1,CERW3,CERW,Amerodectes ischyros,99
2,1,CERW3,CERW,Amerodectes ischyros,99
2,1,CERW3,CERW,Amerodectes ischyros,99
3,1,CERW3,CERW,Amerodectes ischyros,99
3,1,CERW3,CERW,Amerodectes ischyros,99
3,1,CERW3,CERW,Amerodectes ischyros,99
3,1,CERW3,CERW,Amerodectes ischyros,99
3,1,CERW3,CERW,Amerodectes ischyros,99
3,1,CERW3,CERW,Amerodectes ischyros,99
3,1,CERW3,CERW,Amerodectes ischyros,99
3,1,CERW3,CERW,Amerodectes ischyros,99
3,1,CERW3,CERW,Amerodectes ischyros,99
3,1,CERW3,CERW,Amerodectes ischyros,99
3,1,CERW3,CERW,Amerodectes ischyros,99
3,1,CERW3,CERW,Amerodectes ischyros,99
3,1,CERW3,CERW,Amerodectes ischyros,99
3,1,CERW3,CERW,Amerodectes ischyros,99
3,1,CERW3,CERW,Amerodectes ischyros,99
3,1,CERW3,CERW,Amerodectes ischyros,99
4,1,CERW3,CERW,Amerodectes ischyros,99
4,1,CERW3,CERW,Amerodectes ischyros,99
4,1,CERW3,CERW,Amerodectes ischyros,99
4,1,CERW3,CERW,Amerodectes ischyros,99
4,1,CERW3,CERW,Amerodectes ischyros,99
4,1,CERW3,CERW,Amerodectes ischyros,99
5,1,CERW3,CERW,Amerodectes ischyros,99
5,1,CERW3,CERW,Amerodectes ischyros,99
5,1,CERW3,CERW,Amerodectes ischyros,99
5,1,CERW3,CERW,Amerodectes ischyros,99
5,1,CERW3,CERW,Amerodectes ischyros,99
5,1,CERW3,CERW,Amerodectes ischyros,99
5,1,CERW3,CERW,Amerodectes ischyros,99
5,1,CERW3,CERW,Amerodectes ischyros,99
5,1,CERW3,CERW,Amerodectes ischyros,99
5,1,CERW3,CERW,Amerodectes ischyros,99
5,1,CERW3,CERW,Amerodectes ischyros,99
6,1,CERW3,CERW,Amerodectes ischyros,99
6,1,CERW3,CERW,Amerodectes ischyros,99
6,1,CERW3,CERW,Amerodectes ischyros,99
6,1,CERW3,CERW,Amerodectes ischyros,99
6,1,CERW3,CERW,Amerodectes ischyros,99
6,1,CERW3,CERW,Amerodectes ischyros,99
6,1,CERW3,CERW,Amerodectes ischyros,99
6,1,CERW3,CERW,Amerodectes ischyros,99
6,1,CERW3,CERW,Amerodectes ischyros,99
7,1,CERW3,CERW,Amerodectes ischyros,99
7,1,CERW3,CERW,Amerodectes ischyros,99
7,1,CERW3,CERW,Amerodectes ischyros,99
7,1,CERW3,CERW,Amerodectes ischyros,99
7,1,CERW3,CERW,Amerodectes ischyros,99
7,1,CERW3,CERW,Amerodectes ischyros,99
7,1,CERW3,CERW,Amerodectes ischyros,99
7,1,CERW3,CERW,Amerodectes ischyros,99
8,1,CERW3,CERW,Amerodectes ischyros,99
8,1,CERW3,CERW,Amerodectes ischyros,99
8,1,CERW3,CERW,Amerodectes ischyros,99
8,1,CERW3,CERW,Amerodectes ischyros,99
8,1,CERW3,CERW,Amerodectes ischyros,99
8,1,CERW3,CERW,Amerodectes ischyros,99
8,1,CERW3,CERW,Amerodectes ischyros,99
8,1,CERW3,CERW,Amerodectes ischyros,99
8,1,CERW3,CERW,Amerodectes ischyros,99
8,1,CERW3,CERW,Amerodectes ischyros,99
8,1,CERW3,CERW,Amerodectes ischyros,99
8,1,CERW3,CERW,Amerodectes ischyros,99
8,1,CERW3,CERW,Amerodectes ischyros,99
8,1,CERW3,CERW,Amerodectes ischyros,99
8,1,CERW3,CERW,Amerodectes ischyros,99
8,1,CERW3,CERW,Amerodectes ischyros,99
9,1,CERW3,CERW,Amerodectes ischyros,99
9,1,CERW3,CERW,Amerodectes ischyros,99
9,1,CERW3,CERW,Amerodectes ischyros,99
9,1,CERW3,CERW,Amerodectes ischyros,99
9,1,CERW3,CERW,Amerodectes ischyros,99
9,1,CERW3,CERW,Amerodectes ischyros,99
9,1,CERW3,CERW,Amerodectes ischyros,99
9,1,CERW3,CERW,Amerodectes ischyros,99
10,1,CERW3,CERW,Amerodectes ischyros,99
10,1,CERW3,CERW,Amerodectes ischyros,99
10,1,CERW3,CERW,Amerodectes ischyros,99
10,1,CERW3,CERW,Amerodectes ischyros,99
10,1,CERW3,CERW,Amerodectes ischyros,99
10,1,CERW3,CERW,Amerodectes ischyros,99
10,1,CERW3,CERW,Amerodectes ischyros,99
11,1,CERW3,CERW,Amerodectes ischyros,99
11,1,CERW3,CERW,Amerodectes ischyros,99
11,1,CERW3,CERW,Amerodectes ischyros,99
11,1,CERW3,CERW,Amerodectes ischyros,99
11,1,CERW3,CERW,Amerodectes ischyros,99
11,1,CERW3,CERW,Amerodectes ischyros,99
12,1,CERW3,CERW,Amerodectes ischyros,99
12,1,CERW3,CERW,Amerodectes ischyros,99
12,1,CERW3,CERW,Amerodectes ischyros,99
12,1,CERW3,CERW,Amerodectes ischyros,99
3,1,CERW4,CERW,Amerodectes ischyros,249
3,1,CERW4,CERW,Amerodectes ischyros,249
3,1,CERW4,CERW,Amerodectes ischyros,249
4,1,CERW4,CERW,Amerodectes ischyros,249
4,1,CERW4,CERW,Amerodectes ischyros,249
4,1,CERW4,CERW,Amerodectes ischyros,249
5,1,CERW4,CERW,Amerodectes ischyros,249
5,1,CERW4,CERW,Amerodectes ischyros,249
5,1,CERW4,CERW,Amerodectes ischyros,249
5,1,CERW4,CERW,Amerodectes ischyros,249
5,1,CERW4,CERW,Amerodectes ischyros,249
5,1,CERW4,CERW,Amerodectes ischyros,249
5,1,CERW4,CERW,Amerodectes ischyros,249
5,1,CERW4,CERW,Amerodectes ischyros,249
5,1,CERW4,CERW,Amerodectes ischyros,249
5,1,CERW4,CERW,Amerodectes ischyros,249
5,1,CERW4,CERW,Amerodectes ischyros,249
5,1,CERW4,CERW,Amerodectes ischyros,249
5,1,CERW4,CERW,Amerodectes ischyros,249
5,1,CERW4,CERW,Amerodectes ischyros,249
5,1,CERW4,CERW,Amerodectes ischyros,249
5,1,CERW4,CERW,Amerodectes ischyros,249
5,1,CERW4,CERW,Amerodectes ischyros,249
6,1,CERW4,CERW,Amerodectes ischyros,249
6,1,CERW4,CERW,Amerodectes ischyros,249
6,1,CERW4,CERW,Amerodectes ischyros,249
6,1,CERW4,CERW,Amerodectes ischyros,249
6,1,CERW4,CERW,Amerodectes ischyros,249
6,1,CERW4,CERW,Amerodectes ischyros,249
6,1,CERW4,CERW,Amerodectes ischyros,249
6,1,CERW4,CERW,Amerodectes ischyros,249
6,1,CERW4,CERW,Amerodectes ischyros,249
6,1,CERW4,CERW,Amerodectes ischyros,249
6,1,CERW4,CERW,Amerodectes ischyros,249
6,1,CERW4,CERW,Amerodectes ischyros,249
6,1,CERW4,CERW,Amerodectes ischyros,249
6,1,CERW4,CERW,Amerodectes ischyros,249
6,1,CERW4,CERW,Amerodectes ischyros,249
6,1,CERW4,CERW,Amerodectes ischyros,249
6,1,CERW4,CERW,Amerodectes ischyros,249
6,1,CERW4,CERW,Amerodectes ischyros,249
6,1,CERW4,CERW,Amerodectes ischyros,249
6,1,CERW4,CERW,Amerodectes ischyros,249
6,1,CERW4,CERW,Amerodectes ischyros,249
6,1,CERW4,CERW,Amerodectes ischyros,249
6,1,CERW4,CERW,Amerodectes ischyros,249
6,1,CERW4,CERW,Amerodectes ischyros,249
6,1,CERW4,CERW,Amerodectes ischyros,249
6,1,CERW4,CERW,Amerodectes ischyros,249
6,1,CERW4,CERW,Amerodectes ischyros,249
6,1,CERW4,CERW,Amerodectes ischyros,249
6,1,CERW4,CERW,Amerodectes ischyros,249
6,1,CERW4,CERW,Amerodectes ischyros,249
6,1,CERW4,CERW,Amerodectes ischyros,249
6,1,CERW4,CERW,Amerodectes ischyros,249
6,1,CERW4,CERW,Amerodectes ischyros,249
6,1,CERW4,CERW,Amerodectes ischyros,249
6,1,CERW4,CERW,Amerodectes ischyros,249
6,1,CERW4,CERW,Amerodectes ischyros,249
7,1,CERW4,CERW,Amerodectes ischyros,249
7,1,CERW4,CERW,Amerodectes ischyros,249
7,1,CERW4,CERW,Amerodectes ischyros,249
7,1,CERW4,CERW,Amerodectes ischyros,249
7,1,CERW4,CERW,Amerodectes ischyros,249
7,1,CERW4,CERW,Amerodectes ischyros,249
7,1,CERW4,CERW,Amerodectes ischyros,249
7,1,CERW4,CERW,Amerodectes ischyros,249
7,1,CERW4,CERW,Amerodectes ischyros,249
7,1,CERW4,CERW,Amerodectes ischyros,249
7,1,CERW4,CERW,Amerodectes ischyros,249
7,1,CERW4,CERW,Amerodectes ischyros,249
7,1,CERW4,CERW,Amerodectes ischyros,249
7,1,CERW4,CERW,Amerodectes ischyros,249
7,1,CERW4,CERW,Amerodectes ischyros,249
7,1,CERW4,CERW,Amerodectes ischyros,249
7,1,CERW4,CERW,Amerodectes ischyros,249
7,1,CERW4,CERW,Amerodectes ischyros,249
7,1,CERW4,CERW,Amerodectes ischyros,249
7,1,CERW4,CERW,Amerodectes ischyros,249
7,1,CERW4,CERW,Amerodectes ischyros,249
7,1,CERW4,CERW,Amerodectes ischyros,249
7,1,CERW4,CERW,Amerodectes ischyros,249
7,1,CERW4,CERW,Amerodectes ischyros,249
7,1,CERW4,CERW,Amerodectes ischyros,249
7,1,CERW4,CERW,Amerodectes ischyros,249
7,1,CERW4,CERW,Amerodectes ischyros,249
7,1,CERW4,CERW,Amerodectes ischyros,249
7,1,CERW4,CERW,Amerodectes ischyros,249
7,1,CERW4,CERW,Amerodectes ischyros,249
7,1,CERW4,CERW,Amerodectes ischyros,249
7,1,CERW4,CERW,Amerodectes ischyros,249
7,1,CERW4,CERW,Amerodectes ischyros,249
7,1,CERW4,CERW,Amerodectes ischyros,249
7,1,CERW4,CERW,Amerodectes ischyros,249
7,1,CERW4,CERW,Amerodectes ischyros,249
7,1,CERW4,CERW,Amerodectes ischyros,249
7,1,CERW4,CERW,Amerodectes ischyros,249
7,1,CERW4,CERW,Amerodectes ischyros,249
7,1,CERW4,CERW,Amerodectes ischyros,249
7,1,CERW4,CERW,Amerodectes ischyros,249
7,1,CERW4,CERW,Amerodectes ischyros,249
7,1,CERW4,CERW,Amerodectes ischyros,249
7,1,CERW4,CERW,Amerodectes ischyros,249
7,1,CERW4,CERW,Amerodectes ischyros,249
7,1,CERW4,CERW,Amerodectes ischyros,249
7,1,CERW4,CERW,Amerodectes ischyros,249
7,1,CERW4,CERW,Amerodectes ischyros,249
7,1,CERW4,CERW,Amerodectes ischyros,249
7,1,CERW4,CERW,Amerodectes ischyros,249
7,1,CERW4,CERW,Amerodectes ischyros,249
7,1,CERW4,CERW,Amerodectes ischyros,249
7,1,CERW4,CERW,Amerodectes ischyros,249
7,1,CERW4,CERW,Amerodectes ischyros,249
7,1,CERW4,CERW,Amerodectes ischyros,249
8,1,CERW4,CERW,Amerodectes ischyros,249
8,1,CERW4,CERW,Amerodectes ischyros,249
8,1,CERW4,CERW,Amerodectes ischyros,249
8,1,CERW4,CERW,Amerodectes ischyros,249
8,1,CERW4,CERW,Amerodectes ischyros,249
8,1,CERW4,CERW,Amerodectes ischyros,249
8,1,CERW4,CERW,Amerodectes ischyros,249
8,1,CERW4,CERW,Amerodectes ischyros,249
8,1,CERW4,CERW,Amerodectes ischyros,249
8,1,CERW4,CERW,Amerodectes ischyros,249
8,1,CERW4,CERW,Amerodectes ischyros,249
8,1,CERW4,CERW,Amerodectes ischyros,249
8,1,CERW4,CERW,Amerodectes ischyros,249
8,1,CERW4,CERW,Amerodectes ischyros,249
8,1,CERW4,CERW,Amerodectes ischyros,249
8,1,CERW4,CERW,Amerodectes ischyros,249
8,1,CERW4,CERW,Amerodectes ischyros,249
8,1,CERW4,CERW,Amerodectes ischyros,249
8,1,CERW4,CERW,Amerodectes ischyros,249
8,1,CERW4,CERW,Amerodectes ischyros,249
8,1,CERW4,CERW,Amerodectes ischyros,249
8,1,CERW4,CERW,Amerodectes ischyros,249
8,1,CERW4,CERW,Amerodectes ischyros,249
8,1,CERW4,CERW,Amerodectes ischyros,249
8,1,CERW4,CERW,Amerodectes ischyros,249
8,1,CERW4,CERW,Amerodectes ischyros,249
8,1,CERW4,CERW,Amerodectes ischyros,249
8,1,CERW4,CERW,Amerodectes ischyros,249
8,1,CERW4,CERW,Amerodectes ischyros,249
8,1,CERW4,CERW,Amerodectes ischyros,249
8,1,CERW4,CERW,Amerodectes ischyros,249
8,1,CERW4,CERW,Amerodectes ischyros,249
8,1,CERW4,CERW,Amerodectes ischyros,249
8,1,CERW4,CERW,Amerodectes ischyros,249
8,1,CERW4,CERW,Amerodectes ischyros,249
8,1,CERW4,CERW,Amerodectes ischyros,249
8,1,CERW4,CERW,Amerodectes ischyros,249
8,1,CERW4,CERW,Amerodectes ischyros,249
8,1,CERW4,CERW,Amerodectes ischyros,249
8,1,CERW4,CERW,Amerodectes ischyros,249
8,1,CERW4,CERW,Amerodectes ischyros,249
8,1,CERW4,CERW,Amerodectes ischyros,249
8,1,CERW4,CERW,Amerodectes ischyros,249
8,1,CERW4,CERW,Amerodectes ischyros,249
8,1,CERW4,CERW,Amerodectes ischyros,249
8,1,CERW4,CERW,Amerodectes ischyros,249
8,1,CERW4,CERW,Amerodectes ischyros,249
8,1,CERW4,CERW,Amerodectes ischyros,249
8,1,CERW4,CERW,Amerodectes ischyros,249
8,1,CERW4,CERW,Amerodectes ischyros,249
8,1,CERW4,CERW,Amerodectes ischyros,249
8,1,CERW4,CERW,Amerodectes ischyros,249
8,1,CERW4,CERW,Amerodectes ischyros,249
8,1,CERW4,CERW,Amerodectes ischyros,249
9,1,CERW4,CERW,Amerodectes ischyros,249
9,1,CERW4,CERW,Amerodectes ischyros,249
9,1,CERW4,CERW,Amerodectes ischyros,249
9,1,CERW4,CERW,Amerodectes ischyros,249
9,1,CERW4,CERW,Amerodectes ischyros,249
9,1,CERW4,CERW,Amerodectes ischyros,249
9,1,CERW4,CERW,Amerodectes ischyros,249
9,1,CERW4,CERW,Amerodectes ischyros,249
9,1,CERW4,CERW,Amerodectes ischyros,249
9,1,CERW4,CERW,Amerodectes ischyros,249
9,1,CERW4,CERW,Amerodectes ischyros,249
9,1,CERW4,CERW,Amerodectes ischyros,249
9,1,CERW4,CERW,Amerodectes ischyros,249
9,1,CERW4,CERW,Amerodectes ischyros,249
9,1,CERW4,CERW,Amerodectes ischyros,249
9,1,CERW4,CERW,Amerodectes ischyros,249
9,1,CERW4,CERW,Amerodectes ischyros,249
9,1,CERW4,CERW,Amerodectes ischyros,249
9,1,CERW4,CERW,Amerodectes ischyros,249
9,1,CERW4,CERW,Amerodectes ischyros,249
9,1,CERW4,CERW,Amerodectes ischyros,249
9,1,CERW4,CERW,Amerodectes ischyros,249
9,1,CERW4,CERW,Amerodectes ischyros,249
9,1,CERW4,CERW,Amerodectes ischyros,249
9,1,CERW4,CERW,Amerodectes ischyros,249
9,1,CERW4,CERW,Amerodectes ischyros,249
9,1,CERW4,CERW,Amerodectes ischyros,249
9,1,CERW4,CERW,Amerodectes ischyros,249
9,1,CERW4,CERW,Amerodectes ischyros,249
9,1,CERW4,CERW,Amerodectes ischyros,249
9,1,CERW4,CERW,Amerodectes ischyros,249
9,1,CERW4,CERW,Amerodectes ischyros,249
9,1,CERW4,CERW,Amerodectes ischyros,249
9,1,CERW4,CERW,Amerodectes ischyros,249
9,1,CERW4,CERW,Amerodectes ischyros,249
9,1,CERW4,CERW,Amerodectes ischyros,249
9,1,CERW4,CERW,Amerodectes ischyros,249
9,1,CERW4,CERW,Amerodectes ischyros,249
9,1,CERW4,CERW,Amerodectes ischyros,249
9,1,CERW4,CERW,Amerodectes ischyros,249
9,1,CERW4,CERW,Amerodectes ischyros,249
9,1,CERW4,CERW,Amerodectes ischyros,249
9,1,CERW4,CERW,Amerodectes ischyros,249
9,1,CERW4,CERW,Amerodectes ischyros,249
9,1,CERW4,CERW,Amerodectes ischyros,249
9,1,CERW4,CERW,Amerodectes ischyros,249
9,1,CERW4,CERW,Amerodectes ischyros,249
9,1,CERW4,CERW,Amerodectes ischyros,249
9,1,CERW4,CERW,Amerodectes ischyros,249
9,1,CERW4,CERW,Amerodectes ischyros,249
10,1,CERW4,CERW,Amerodectes ischyros,249
10,1,CERW4,CERW,Amerodectes ischyros,249
10,1,CERW4,CERW,Amerodectes ischyros,249
10,1,CERW4,CERW,Amerodectes ischyros,249
10,1,CERW4,CERW,Amerodectes ischyros,249
10,1,CERW4,CERW,Amerodectes ischyros,249
10,1,CERW4,CERW,Amerodectes ischyros,249
10,1,CERW4,CERW,Amerodectes ischyros,249
10,1,CERW4,CERW,Amerodectes ischyros,249
10,1,CERW4,CERW,Amerodectes ischyros,249
10,1,CERW4,CERW,Amerodectes ischyros,249
10,1,CERW4,CERW,Amerodectes ischyros,249
10,1,CERW4,CERW,Amerodectes ischyros,249
10,1,CERW4,CERW,Amerodectes ischyros,249
10,1,CERW4,CERW,Amerodectes ischyros,249
10,1,CERW4,CERW,Amerodectes ischyros,249
10,1,CERW4,CERW,Amerodectes ischyros,249
10,1,CERW4,CERW,Amerodectes ischyros,249
11,1,CERW4,CERW,Amerodectes ischyros,249
11,1,CERW4,CERW,Amerodectes ischyros,249
11,1,CERW4,CERW,Amerodectes ischyros,249
11,1,CERW4,CERW,Amerodectes ischyros,249
11,1,CERW4,CERW,Amerodectes ischyros,249
11,1,CERW4,CERW,Amerodectes ischyros,249
11,1,CERW4,CERW,Amerodectes ischyros,249
11,1,CERW4,CERW,Amerodectes ischyros,249
11,1,CERW4,CERW,Amerodectes ischyros,249
11,1,CERW4,CERW,Amerodectes ischyros,249
11,1,CERW4,CERW,Amerodectes ischyros,249
11,1,CERW4,CERW,Amerodectes ischyros,249
11,0,CERW4,CERW,Amerodectes ischyros,249
5,1,CERW5,CERW,Amerodectes ischyros,23
5,1,CERW5,CERW,Amerodectes ischyros,23
5,1,CERW5,CERW,Amerodectes ischyros,23
6,1,CERW5,CERW,Amerodectes ischyros,23
6,1,CERW5,CERW,Amerodectes ischyros,23
6,1,CERW5,CERW,Amerodectes ischyros,23
7,1,CERW5,CERW,Amerodectes ischyros,23
7,1,CERW5,CERW,Amerodectes ischyros,23
7,1,CERW5,CERW,Amerodectes ischyros,23
7,1,CERW5,CERW,Amerodectes ischyros,23
8,1,CERW5,CERW,Amerodectes ischyros,23
8,1,CERW5,CERW,Amerodectes ischyros,23
8,1,CERW5,CERW,Amerodectes ischyros,23
8,1,CERW5,CERW,Amerodectes ischyros,23
9,1,CERW5,CERW,Amerodectes ischyros,23
9,1,CERW5,CERW,Amerodectes ischyros,23
9,1,CERW5,CERW,Amerodectes ischyros,23
10,1,CERW5,CERW,Amerodectes ischyros,23
10,1,CERW5,CERW,Amerodectes ischyros,23
10,1,CERW5,CERW,Amerodectes ischyros,23
10,1,CERW5,CERW,Amerodectes ischyros,23
12,1,CERW5,CERW,Amerodectes ischyros,23
12,1,CERW5,CERW,Amerodectes ischyros,23
6,1,CERW5,CERW,Proctophyllodes quadratus,1
3,1,CERW6,CERW,Amerodectes ischyros,63
4,1,CERW6,CERW,Amerodectes ischyros,63
4,1,CERW6,CERW,Amerodectes ischyros,63
4,1,CERW6,CERW,Amerodectes ischyros,63
4,1,CERW6,CERW,Amerodectes ischyros,63
4,1,CERW6,CERW,Amerodectes ischyros,63
4,1,CERW6,CERW,Amerodectes ischyros,63
5,1,CERW6,CERW,Amerodectes ischyros,63
5,1,CERW6,CERW,Amerodectes ischyros,63
6,1,CERW6,CERW,Amerodectes ischyros,63
6,1,CERW6,CERW,Amerodectes ischyros,63
6,1,CERW6,CERW,Amerodectes ischyros,63
6,1,CERW6,CERW,Amerodectes ischyros,63
6,1,CERW6,CERW,Amerodectes ischyros,63
6,1,CERW6,CERW,Amerodectes ischyros,63
6,1,CERW6,CERW,Amerodectes ischyros,63
6,1,CERW6,CERW,Amerodectes ischyros,63
6,1,CERW6,CERW,Amerodectes ischyros,63
6,1,CERW6,CERW,Amerodectes ischyros,63
6,1,CERW6,CERW,Amerodectes ischyros,63
7,1,CERW6,CERW,Amerodectes ischyros,63
7,1,CERW6,CERW,Amerodectes ischyros,63
7,1,CERW6,CERW,Amerodectes ischyros,63
7,1,CERW6,CERW,Amerodectes ischyros,63
7,1,CERW6,CERW,Amerodectes ischyros,63
7,1,CERW6,CERW,Amerodectes ischyros,63
7,1,CERW6,CERW,Amerodectes ischyros,63
7,1,CERW6,CERW,Amerodectes ischyros,63
7,1,CERW6,CERW,Amerodectes ischyros,63
8,1,CERW6,CERW,Amerodectes ischyros,63
8,1,CERW6,CERW,Amerodectes ischyros,63
8,1,CERW6,CERW,Amerodectes ischyros,63
8,1,CERW6,CERW,Amerodectes ischyros,63
8,1,CERW6,CERW,Amerodectes ischyros,63
8,1,CERW6,CERW,Amerodectes ischyros,63
8,1,CERW6,CERW,Amerodectes ischyros,63
8,1,CERW6,CERW,Amerodectes ischyros,63
8,1,CERW6,CERW,Amerodectes ischyros,63
9,1,CERW6,CERW,Amerodectes ischyros,63
9,1,CERW6,CERW,Amerodectes ischyros,63
9,1,CERW6,CERW,Amerodectes ischyros,63
9,1,CERW6,CERW,Amerodectes ischyros,63
9,1,CERW6,CERW,Amerodectes ischyros,63
10,1,CERW6,CERW,Amerodectes ischyros,63
10,1,CERW6,CERW,Amerodectes ischyros,63
10,1,CERW6,CERW,Amerodectes ischyros,63
10,1,CERW6,CERW,Amerodectes ischyros,63
11,1,CERW6,CERW,Amerodectes ischyros,63
11,1,CERW6,CERW,Amerodectes ischyros,63
11,1,CERW6,CERW,Amerodectes ischyros,63
11,1,CERW6,CERW,Amerodectes ischyros,63
11,1,CERW6,CERW,Amerodectes ischyros,63
11,1,CERW6,CERW,Amerodectes ischyros,63
11,1,CERW6,CERW,Amerodectes ischyros,63
11,1,CERW6,CERW,Amerodectes ischyros,63
11,1,CERW6,CERW,Amerodectes ischyros,63
11,1,CERW6,CERW,Amerodectes ischyros,63
11,1,CERW6,CERW,Amerodectes ischyros,63
11,1,CERW6,CERW,Amerodectes ischyros,63
11,1,CERW6,CERW,Amerodectes ischyros,63
12,1,CERW6,CERW,Amerodectes ischyros,63
12,1,CERW6,CERW,Amerodectes ischyros,63
14,1,CERW6,CERW,Amerodectes ischyros,63
2,1,AMRE3,AMRE,Amerodectes ischyros,100
4,1,AMRE3,AMRE,Amerodectes ischyros,100
4,1,AMRE3,AMRE,Amerodectes ischyros,100
4,1,AMRE3,AMRE,Amerodectes ischyros,100
4,1,AMRE3,AMRE,Amerodectes ischyros,100
5,1,AMRE3,AMRE,Amerodectes ischyros,100
5,1,AMRE3,AMRE,Amerodectes ischyros,100
5,1,AMRE3,AMRE,Amerodectes ischyros,100
5,1,AMRE3,AMRE,Amerodectes ischyros,100
5,1,AMRE3,AMRE,Amerodectes ischyros,100
5,1,AMRE3,AMRE,Amerodectes ischyros,100
6,1,AMRE3,AMRE,Amerodectes ischyros,100
6,1,AMRE3,AMRE,Amerodectes ischyros,100
6,1,AMRE3,AMRE,Amerodectes ischyros,100
6,1,AMRE3,AMRE,Amerodectes ischyros,100
6,1,AMRE3,AMRE,Amerodectes ischyros,100
6,1,AMRE3,AMRE,Amerodectes ischyros,100
6,1,AMRE3,AMRE,Amerodectes ischyros,100
6,1,AMRE3,AMRE,Amerodectes ischyros,100
6,1,AMRE3,AMRE,Amerodectes ischyros,100
6,1,AMRE3,AMRE,Amerodectes ischyros,100
6,1,AMRE3,AMRE,Amerodectes ischyros,100
6,1,AMRE3,AMRE,Amerodectes ischyros,100
6,1,AMRE3,AMRE,Amerodectes ischyros,100
6,1,AMRE3,AMRE,Amerodectes ischyros,100
6,1,AMRE3,AMRE,Amerodectes ischyros,100
7,1,AMRE3,AMRE,Amerodectes ischyros,100
7,1,AMRE3,AMRE,Amerodectes ischyros,100
7,1,AMRE3,AMRE,Amerodectes ischyros,100
7,1,AMRE3,AMRE,Amerodectes ischyros,100
7,1,AMRE3,AMRE,Amerodectes ischyros,100
7,1,AMRE3,AMRE,Amerodectes ischyros,100
7,1,AMRE3,AMRE,Amerodectes ischyros,100
7,1,AMRE3,AMRE,Amerodectes ischyros,100
7,1,AMRE3,AMRE,Amerodectes ischyros,100
8,1,AMRE3,AMRE,Amerodectes ischyros,100
8,1,AMRE3,AMRE,Amerodectes ischyros,100
8,1,AMRE3,AMRE,Amerodectes ischyros,100
8,1,AMRE3,AMRE,Amerodectes ischyros,100
8,1,AMRE3,AMRE,Amerodectes ischyros,100
8,1,AMRE3,AMRE,Amerodectes ischyros,100
8,1,AMRE3,AMRE,Amerodectes ischyros,100
8,1,AMRE3,AMRE,Amerodectes ischyros,100
8,1,AMRE3,AMRE,Amerodectes ischyros,100
8,1,AMRE3,AMRE,Amerodectes ischyros,100
8,1,AMRE3,AMRE,Amerodectes ischyros,100
8,1,AMRE3,AMRE,Amerodectes ischyros,100
8,1,AMRE3,AMRE,Amerodectes ischyros,100
8,1,AMRE3,AMRE,Amerodectes ischyros,100
8,1,AMRE3,AMRE,Amerodectes ischyros,100
8,1,AMRE3,AMRE,Amerodectes ischyros,100
8,1,AMRE3,AMRE,Amerodectes ischyros,100
8,1,AMRE3,AMRE,Amerodectes ischyros,100
8,1,AMRE3,AMRE,Amerodectes ischyros,100
8,1,AMRE3,AMRE,Amerodectes ischyros,100
8,1,AMRE3,AMRE,Amerodectes ischyros,100
8,1,AMRE3,AMRE,Amerodectes ischyros,100
8,1,AMRE3,AMRE,Amerodectes ischyros,100
8,1,AMRE3,AMRE,Amerodectes ischyros,100
8,1,AMRE3,AMRE,Amerodectes ischyros,100
8,1,AMRE3,AMRE,Amerodectes ischyros,100
8,1,AMRE3,AMRE,Amerodectes ischyros,100
8,1,AMRE3,AMRE,Amerodectes ischyros,100
8,1,AMRE3,AMRE,Amerodectes ischyros,100
9,1,AMRE3,AMRE,Amerodectes ischyros,100
9,1,AMRE3,AMRE,Amerodectes ischyros,100
9,1,AMRE3,AMRE,Amerodectes ischyros,100
9,1,AMRE3,AMRE,Amerodectes ischyros,100
9,1,AMRE3,AMRE,Amerodectes ischyros,100
9,1,AMRE3,AMRE,Amerodectes ischyros,100
9,1,AMRE3,AMRE,Amerodectes ischyros,100
9,1,AMRE3,AMRE,Amerodectes ischyros,100
9,1,AMRE3,AMRE,Amerodectes ischyros,100
9,1,AMRE3,AMRE,Amerodectes ischyros,100
9,1,AMRE3,AMRE,Amerodectes ischyros,100
9,1,AMRE3,AMRE,Amerodectes ischyros,100
9,1,AMRE3,AMRE,Amerodectes ischyros,100
9,1,AMRE3,AMRE,Amerodectes ischyros,100
9,1,AMRE3,AMRE,Amerodectes ischyros,100
10,1,AMRE3,AMRE,Amerodectes ischyros,100
10,1,AMRE3,AMRE,Amerodectes ischyros,100
10,1,AMRE3,AMRE,Amerodectes ischyros,100
10,1,AMRE3,AMRE,Amerodectes ischyros,100
10,1,AMRE3,AMRE,Amerodectes ischyros,100
10,1,AMRE3,AMRE,Amerodectes ischyros,100
10,1,AMRE3,AMRE,Amerodectes ischyros,100
10,1,AMRE3,AMRE,Amerodectes ischyros,100
10,1,AMRE3,AMRE,Amerodectes ischyros,100
10,1,AMRE3,AMRE,Amerodectes ischyros,100
11,1,AMRE3,AMRE,Amerodectes ischyros,100
11,1,AMRE3,AMRE,Amerodectes ischyros,100
11,1,AMRE3,AMRE,Amerodectes ischyros,100
11,1,AMRE3,AMRE,Amerodectes ischyros,100
11,1,AMRE3,AMRE,Amerodectes ischyros,100
11,1,AMRE3,AMRE,Amerodectes ischyros,100
11,1,AMRE3,AMRE,Amerodectes ischyros,100
12,1,AMRE3,AMRE,Amerodectes ischyros,100
12,1,AMRE3,AMRE,Amerodectes ischyros,100
12,1,AMRE3,AMRE,Amerodectes ischyros,100
15,1,AMRE3,AMRE,Amerodectes ischyros,100
4,1,AMRE3,AMRE,Proctophyllodes quadratus,2
5,1,AMRE3,AMRE,Proctophyllodes quadratus,2
4,1,CERW7,CERW,Amerodectes ischyros,10
4,1,CERW7,CERW,Amerodectes ischyros,10
5,1,CERW7,CERW,Amerodectes ischyros,10
6,1,CERW7,CERW,Amerodectes ischyros,10
6,1,CERW7,CERW,Amerodectes ischyros,10
6,1,CERW7,CERW,Amerodectes ischyros,10
6,1,CERW7,CERW,Amerodectes ischyros,10
7,1,CERW7,CERW,Amerodectes ischyros,10
9,1,CERW7,CERW,Amerodectes ischyros,10
10,1,CERW7,CERW,Amerodectes ischyros,10
2,1,AMRE4,AMRE,Amerodectes ischyros,167
2,1,AMRE4,AMRE,Amerodectes ischyros,167
3,1,AMRE4,AMRE,Amerodectes ischyros,167
3,1,AMRE4,AMRE,Amerodectes ischyros,167
3,1,AMRE4,AMRE,Amerodectes ischyros,167
3,1,AMRE4,AMRE,Amerodectes ischyros,167
3,1,AMRE4,AMRE,Amerodectes ischyros,167
3,1,AMRE4,AMRE,Amerodectes ischyros,167
3,1,AMRE4,AMRE,Amerodectes ischyros,167
3,1,AMRE4,AMRE,Amerodectes ischyros,167
4,1,AMRE4,AMRE,Amerodectes ischyros,167
4,1,AMRE4,AMRE,Amerodectes ischyros,167
4,1,AMRE4,AMRE,Amerodectes ischyros,167
4,1,AMRE4,AMRE,Amerodectes ischyros,167
4,1,AMRE4,AMRE,Amerodectes ischyros,167
4,1,AMRE4,AMRE,Amerodectes ischyros,167
4,1,AMRE4,AMRE,Amerodectes ischyros,167
4,1,AMRE4,AMRE,Amerodectes ischyros,167
4,1,AMRE4,AMRE,Amerodectes ischyros,167
4,1,AMRE4,AMRE,Amerodectes ischyros,167
4,1,AMRE4,AMRE,Amerodectes ischyros,167
4,1,AMRE4,AMRE,Amerodectes ischyros,167
4,1,AMRE4,AMRE,Amerodectes ischyros,167
4,1,AMRE4,AMRE,Amerodectes ischyros,167
4,1,AMRE4,AMRE,Amerodectes ischyros,167
4,1,AMRE4,AMRE,Amerodectes ischyros,167
4,1,AMRE4,AMRE,Amerodectes ischyros,167
4,1,AMRE4,AMRE,Amerodectes ischyros,167
4,1,AMRE4,AMRE,Amerodectes ischyros,167
4,1,AMRE4,AMRE,Amerodectes ischyros,167
4,1,AMRE4,AMRE,Amerodectes ischyros,167
4,1,AMRE4,AMRE,Amerodectes ischyros,167
5,1,AMRE4,AMRE,Amerodectes ischyros,167
5,1,AMRE4,AMRE,Amerodectes ischyros,167
5,1,AMRE4,AMRE,Amerodectes ischyros,167
5,1,AMRE4,AMRE,Amerodectes ischyros,167
5,1,AMRE4,AMRE,Amerodectes ischyros,167
5,1,AMRE4,AMRE,Amerodectes ischyros,167
5,1,AMRE4,AMRE,Amerodectes ischyros,167
5,1,AMRE4,AMRE,Amerodectes ischyros,167
5,1,AMRE4,AMRE,Amerodectes ischyros,167
5,1,AMRE4,AMRE,Amerodectes ischyros,167
5,1,AMRE4,AMRE,Amerodectes ischyros,167
5,1,AMRE4,AMRE,Amerodectes ischyros,167
5,1,AMRE4,AMRE,Amerodectes ischyros,167
5,1,AMRE4,AMRE,Amerodectes ischyros,167
5,1,AMRE4,AMRE,Amerodectes ischyros,167
5,1,AMRE4,AMRE,Amerodectes ischyros,167
5,1,AMRE4,AMRE,Amerodectes ischyros,167
5,1,AMRE4,AMRE,Amerodectes ischyros,167
5,1,AMRE4,AMRE,Amerodectes ischyros,167
6,1,AMRE4,AMRE,Amerodectes ischyros,167
6,1,AMRE4,AMRE,Amerodectes ischyros,167
6,1,AMRE4,AMRE,Amerodectes ischyros,167
6,1,AMRE4,AMRE,Amerodectes ischyros,167
6,1,AMRE4,AMRE,Amerodectes ischyros,167
6,1,AMRE4,AMRE,Amerodectes ischyros,167
6,1,AMRE4,AMRE,Amerodectes ischyros,167
6,1,AMRE4,AMRE,Amerodectes ischyros,167
6,1,AMRE4,AMRE,Amerodectes ischyros,167
6,1,AMRE4,AMRE,Amerodectes ischyros,167
6,1,AMRE4,AMRE,Amerodectes ischyros,167
6,1,AMRE4,AMRE,Amerodectes ischyros,167
6,1,AMRE4,AMRE,Amerodectes ischyros,167
6,1,AMRE4,AMRE,Amerodectes ischyros,167
6,1,AMRE4,AMRE,Amerodectes ischyros,167
6,1,AMRE4,AMRE,Amerodectes ischyros,167
6,1,AMRE4,AMRE,Amerodectes ischyros,167
6,1,AMRE4,AMRE,Amerodectes ischyros,167
6,1,AMRE4,AMRE,Amerodectes ischyros,167
6,1,AMRE4,AMRE,Amerodectes ischyros,167
6,1,AMRE4,AMRE,Amerodectes ischyros,167
6,1,AMRE4,AMRE,Amerodectes ischyros,167
7,1,AMRE4,AMRE,Amerodectes ischyros,167
7,1,AMRE4,AMRE,Amerodectes ischyros,167
7,1,AMRE4,AMRE,Amerodectes ischyros,167
7,1,AMRE4,AMRE,Amerodectes ischyros,167
7,1,AMRE4,AMRE,Amerodectes ischyros,167
7,1,AMRE4,AMRE,Amerodectes ischyros,167
7,1,AMRE4,AMRE,Amerodectes ischyros,167
7,1,AMRE4,AMRE,Amerodectes ischyros,167
7,1,AMRE4,AMRE,Amerodectes ischyros,167
7,1,AMRE4,AMRE,Amerodectes ischyros,167
7,1,AMRE4,AMRE,Amerodectes ischyros,167
7,1,AMRE4,AMRE,Amerodectes ischyros,167
7,1,AMRE4,AMRE,Amerodectes ischyros,167
7,1,AMRE4,AMRE,Amerodectes ischyros,167
7,1,AMRE4,AMRE,Amerodectes ischyros,167
7,1,AMRE4,AMRE,Amerodectes ischyros,167
7,1,AMRE4,AMRE,Amerodectes ischyros,167
7,1,AMRE4,AMRE,Amerodectes ischyros,167
7,1,AMRE4,AMRE,Amerodectes ischyros,167
7,1,AMRE4,AMRE,Amerodectes ischyros,167
7,1,AMRE4,AMRE,Amerodectes ischyros,167
7,1,AMRE4,AMRE,Amerodectes ischyros,167
7,1,AMRE4,AMRE,Amerodectes ischyros,167
8,1,AMRE4,AMRE,Amerodectes ischyros,167
8,1,AMRE4,AMRE,Amerodectes ischyros,167
8,1,AMRE4,AMRE,Amerodectes ischyros,167
8,1,AMRE4,AMRE,Amerodectes ischyros,167
8,1,AMRE4,AMRE,Amerodectes ischyros,167
8,1,AMRE4,AMRE,Amerodectes ischyros,167
8,1,AMRE4,AMRE,Amerodectes ischyros,167
8,1,AMRE4,AMRE,Amerodectes ischyros,167
8,1,AMRE4,AMRE,Amerodectes ischyros,167
8,1,AMRE4,AMRE,Amerodectes ischyros,167
8,1,AMRE4,AMRE,Amerodectes ischyros,167
8,1,AMRE4,AMRE,Amerodectes ischyros,167
8,1,AMRE4,AMRE,Amerodectes ischyros,167
8,1,AMRE4,AMRE,Amerodectes ischyros,167
8,1,AMRE4,AMRE,Amerodectes ischyros,167
8,1,AMRE4,AMRE,Amerodectes ischyros,167
8,1,AMRE4,AMRE,Amerodectes ischyros,167
8,1,AMRE4,AMRE,Amerodectes ischyros,167
8,1,AMRE4,AMRE,Amerodectes ischyros,167
8,1,AMRE4,AMRE,Amerodectes ischyros,167
8,1,AMRE4,AMRE,Amerodectes ischyros,167
8,1,AMRE4,AMRE,Amerodectes ischyros,167
8,1,AMRE4,AMRE,Amerodectes ischyros,167
8,1,AMRE4,AMRE,Amerodectes ischyros,167
8,1,AMRE4,AMRE,Amerodectes ischyros,167
8,1,AMRE4,AMRE,Amerodectes ischyros,167
8,1,AMRE4,AMRE,Amerodectes ischyros,167
8,1,AMRE4,AMRE,Amerodectes ischyros,167
9,1,AMRE4,AMRE,Amerodectes ischyros,167
9,1,AMRE4,AMRE,Amerodectes ischyros,167
9,1,AMRE4,AMRE,Amerodectes ischyros,167
9,1,AMRE4,AMRE,Amerodectes ischyros,167
9,1,AMRE4,AMRE,Amerodectes ischyros,167
9,1,AMRE4,AMRE,Amerodectes ischyros,167
9,1,AMRE4,AMRE,Amerodectes ischyros,167
9,1,AMRE4,AMRE,Amerodectes ischyros,167
9,1,AMRE4,AMRE,Amerodectes ischyros,167
9,1,AMRE4,AMRE,Amerodectes ischyros,167
9,1,AMRE4,AMRE,Amerodectes ischyros,167
9,1,AMRE4,AMRE,Amerodectes ischyros,167
9,1,AMRE4,AMRE,Amerodectes ischyros,167
9,1,AMRE4,AMRE,Amerodectes ischyros,167
9,1,AMRE4,AMRE,Amerodectes ischyros,167
9,1,AMRE4,AMRE,Amerodectes ischyros,167
9,1,AMRE4,AMRE,Amerodectes ischyros,167
9,1,AMRE4,AMRE,Amerodectes ischyros,167
9,1,AMRE4,AMRE,Amerodectes ischyros,167
9,1,AMRE4,AMRE,Amerodectes ischyros,167
9,1,AMRE4,AMRE,Amerodectes ischyros,167
9,1,AMRE4,AMRE,Amerodectes ischyros,167
10,1,AMRE4,AMRE,Amerodectes ischyros,167
10,1,AMRE4,AMRE,Amerodectes ischyros,167
10,1,AMRE4,AMRE,Amerodectes ischyros,167
10,1,AMRE4,AMRE,Amerodectes ischyros,167
10,1,AMRE4,AMRE,Amerodectes ischyros,167
10,1,AMRE4,AMRE,Amerodectes ischyros,167
10,1,AMRE4,AMRE,Amerodectes ischyros,167
10,1,AMRE4,AMRE,Amerodectes ischyros,167
10,1,AMRE4,AMRE,Amerodectes ischyros,167
10,1,AMRE4,AMRE,Amerodectes ischyros,167
10,1,AMRE4,AMRE,Amerodectes ischyros,167
11,1,AMRE4,AMRE,Amerodectes ischyros,167
11,1,AMRE4,AMRE,Amerodectes ischyros,167
11,1,AMRE4,AMRE,Amerodectes ischyros,167
11,1,AMRE4,AMRE,Amerodectes ischyros,167
11,1,AMRE4,AMRE,Amerodectes ischyros,167
11,1,AMRE4,AMRE,Amerodectes ischyros,167
11,1,AMRE4,AMRE,Amerodectes ischyros,167
11,1,AMRE4,AMRE,Amerodectes ischyros,167
12,1,AMRE4,AMRE,Amerodectes ischyros,167
12,1,AMRE4,AMRE,Amerodectes ischyros,167
1,1,PROW12,PROW,Amerodectes protonotaria,66
3,1,PROW12,PROW,Amerodectes protonotaria,66
3,1,PROW12,PROW,Amerodectes protonotaria,66
4,1,PROW12,PROW,Amerodectes protonotaria,66
4,1,PROW12,PROW,Amerodectes protonotaria,66
4,1,PROW12,PROW,Amerodectes protonotaria,66
5,1,PROW12,PROW,Amerodectes protonotaria,66
5,1,PROW12,PROW,Amerodectes protonotaria,66
5,1,PROW12,PROW,Amerodectes protonotaria,66
5,1,PROW12,PROW,Amerodectes protonotaria,66
5,1,PROW12,PROW,Amerodectes protonotaria,66
6,1,PROW12,PROW,Amerodectes protonotaria,66
6,1,PROW12,PROW,Amerodectes protonotaria,66
6,1,PROW12,PROW,Amerodectes protonotaria,66
6,1,PROW12,PROW,Amerodectes protonotaria,66
6,1,PROW12,PROW,Amerodectes protonotaria,66
6,1,PROW12,PROW,Amerodectes protonotaria,66
6,1,PROW12,PROW,Amerodectes protonotaria,66
6,1,PROW12,PROW,Amerodectes protonotaria,66
6,1,PROW12,PROW,Amerodectes protonotaria,66
6,1,PROW12,PROW,Amerodectes protonotaria,66
6,1,PROW12,PROW,Amerodectes protonotaria,66
6,1,PROW12,PROW,Amerodectes protonotaria,66
7,1,PROW12,PROW,Amerodectes protonotaria,66
7,1,PROW12,PROW,Amerodectes protonotaria,66
7,1,PROW12,PROW,Amerodectes protonotaria,66
7,1,PROW12,PROW,Amerodectes protonotaria,66
7,1,PROW12,PROW,Amerodectes protonotaria,66
7,1,PROW12,PROW,Amerodectes protonotaria,66
7,1,PROW12,PROW,Amerodectes protonotaria,66
7,1,PROW12,PROW,Amerodectes protonotaria,66
7,1,PROW12,PROW,Amerodectes protonotaria,66
7,1,PROW12,PROW,Amerodectes protonotaria,66
7,1,PROW12,PROW,Amerodectes protonotaria,66
8,1,PROW12,PROW,Amerodectes protonotaria,66
8,1,PROW12,PROW,Amerodectes protonotaria,66
8,1,PROW12,PROW,Amerodectes protonotaria,66
8,1,PROW12,PROW,Amerodectes protonotaria,66
8,1,PROW12,PROW,Amerodectes protonotaria,66
8,1,PROW12,PROW,Amerodectes protonotaria,66
8,1,PROW12,PROW,Amerodectes protonotaria,66
8,1,PROW12,PROW,Amerodectes protonotaria,66
8,1,PROW12,PROW,Amerodectes protonotaria,66
9,1,PROW12,PROW,Amerodectes protonotaria,66
9,1,PROW12,PROW,Amerodectes protonotaria,66
9,1,PROW12,PROW,Amerodectes protonotaria,66
9,1,PROW12,PROW,Amerodectes protonotaria,66
9,1,PROW12,PROW,Amerodectes protonotaria,66
9,1,PROW12,PROW,Amerodectes protonotaria,66
9,1,PROW12,PROW,Amerodectes protonotaria,66
9,1,PROW12,PROW,Amerodectes protonotaria,66
9,1,PROW12,PROW,Amerodectes protonotaria,66
9,1,PROW12,PROW,Amerodectes protonotaria,66
10,1,PROW12,PROW,Amerodectes protonotaria,66
10,1,PROW12,PROW,Amerodectes protonotaria,66
10,1,PROW12,PROW,Amerodectes protonotaria,66
10,1,PROW12,PROW,Amerodectes protonotaria,66
10,1,PROW12,PROW,Amerodectes protonotaria,66
10,1,PROW12,PROW,Amerodectes protonotaria,66
10,1,PROW12,PROW,Amerodectes protonotaria,66
11,1,PROW12,PROW,Amerodectes protonotaria,66
11,1,PROW12,PROW,Amerodectes protonotaria,66
11,1,PROW12,PROW,Amerodectes protonotaria,66
11,1,PROW12,PROW,Amerodectes protonotaria,66
11,1,PROW12,PROW,Amerodectes protonotaria,66
12,1,PROW12,PROW,Amerodectes protonotaria,66
2,0,PROW13,PROW,Amerodectes protonotaria,66
4,1,PROW13,PROW,Amerodectes protonotaria,66
4,1,PROW13,PROW,Amerodectes protonotaria,66
5,1,PROW13,PROW,Amerodectes protonotaria,66
5,1,PROW13,PROW,Amerodectes protonotaria,66
5,1,PROW13,PROW,Amerodectes protonotaria,66
5,1,PROW13,PROW,Amerodectes protonotaria,66
5,1,PROW13,PROW,Amerodectes protonotaria,66
5,1,PROW13,PROW,Amerodectes protonotaria,66
6,1,PROW13,PROW,Amerodectes protonotaria,66
6,1,PROW13,PROW,Amerodectes protonotaria,66
6,1,PROW13,PROW,Amerodectes protonotaria,66
6,1,PROW13,PROW,Amerodectes protonotaria,66
6,1,PROW13,PROW,Amerodectes protonotaria,66
6,1,PROW13,PROW,Amerodectes protonotaria,66
6,1,PROW13,PROW,Amerodectes protonotaria,66
6,1,PROW13,PROW,Amerodectes protonotaria,66
6,1,PROW13,PROW,Amerodectes protonotaria,66
6,1,PROW13,PROW,Amerodectes protonotaria,66
6,1,PROW13,PROW,Amerodectes protonotaria,66
6,1,PROW13,PROW,Amerodectes protonotaria,66
6,1,PROW13,PROW,Amerodectes protonotaria,66
7,1,PROW13,PROW,Amerodectes protonotaria,66
7,1,PROW13,PROW,Amerodectes protonotaria,66
7,1,PROW13,PROW,Amerodectes protonotaria,66
7,1,PROW13,PROW,Amerodectes protonotaria,66
7,1,PROW13,PROW,Amerodectes protonotaria,66
7,1,PROW13,PROW,Amerodectes protonotaria,66
7,1,PROW13,PROW,Amerodectes protonotaria,66
7,1,PROW13,PROW,Amerodectes protonotaria,66
7,1,PROW13,PROW,Amerodectes protonotaria,66
7,1,PROW13,PROW,Amerodectes protonotaria,66
7,1,PROW13,PROW,Amerodectes protonotaria,66
8,1,PROW13,PROW,Amerodectes protonotaria,66
8,1,PROW13,PROW,Amerodectes protonotaria,66
8,1,PROW13,PROW,Amerodectes protonotaria,66
8,1,PROW13,PROW,Amerodectes protonotaria,66
8,1,PROW13,PROW,Amerodectes protonotaria,66
8,1,PROW13,PROW,Amerodectes protonotaria,66
9,1,PROW13,PROW,Amerodectes protonotaria,66
9,1,PROW13,PROW,Amerodectes protonotaria,66
9,1,PROW13,PROW,Amerodectes protonotaria,66
9,1,PROW13,PROW,Amerodectes protonotaria,66
9,1,PROW13,PROW,Amerodectes protonotaria,66
9,1,PROW13,PROW,Amerodectes protonotaria,66
9,1,PROW13,PROW,Amerodectes protonotaria,66
9,1,PROW13,PROW,Amerodectes protonotaria,66
9,1,PROW13,PROW,Amerodectes protonotaria,66
9,1,PROW13,PROW,Amerodectes protonotaria,66
10,1,PROW13,PROW,Amerodectes protonotaria,66
10,1,PROW13,PROW,Amerodectes protonotaria,66
10,1,PROW13,PROW,Amerodectes protonotaria,66
10,1,PROW13,PROW,Amerodectes protonotaria,66
10,1,PROW13,PROW,Amerodectes protonotaria,66
10,1,PROW13,PROW,Amerodectes protonotaria,66
11,1,PROW13,PROW,Amerodectes protonotaria,66
11,1,PROW13,PROW,Amerodectes protonotaria,66
11,1,PROW13,PROW,Amerodectes protonotaria,66
11,1,PROW13,PROW,Amerodectes protonotaria,66
11,1,PROW13,PROW,Amerodectes protonotaria,66
11,1,PROW13,PROW,Amerodectes protonotaria,66
11,1,PROW13,PROW,Amerodectes protonotaria,66
11,1,PROW13,PROW,Amerodectes protonotaria,66
11,1,PROW13,PROW,Amerodectes protonotaria,66
12,1,PROW13,PROW,Amerodectes protonotaria,66
12,0,PROW13,PROW,Amerodectes protonotaria,66
5,1,PROW13,PROW,Proctophyllodes quadratus,1
1,1,PROW14,PROW,Amerodectes protonotaria,27
1,1,PROW14,PROW,Amerodectes protonotaria,27
2,1,PROW14,PROW,Amerodectes protonotaria,27
2,1,PROW14,PROW,Amerodectes protonotaria,27
3,1,PROW14,PROW,Amerodectes protonotaria,27
3,1,PROW14,PROW,Amerodectes protonotaria,27
4,1,PROW14,PROW,Amerodectes protonotaria,27
4,1,PROW14,PROW,Amerodectes protonotaria,27
4,1,PROW14,PROW,Amerodectes protonotaria,27
4,1,PROW14,PROW,Amerodectes protonotaria,27
4,1,PROW14,PROW,Amerodectes protonotaria,27
5,1,PROW14,PROW,Amerodectes protonotaria,27
5,1,PROW14,PROW,Amerodectes protonotaria,27
5,1,PROW14,PROW,Amerodectes protonotaria,27
5,1,PROW14,PROW,Amerodectes protonotaria,27
5,1,PROW14,PROW,Amerodectes protonotaria,27
5,1,PROW14,PROW,Amerodectes protonotaria,27
5,1,PROW14,PROW,Amerodectes protonotaria,27
5,1,PROW14,PROW,Amerodectes protonotaria,27
6,1,PROW14,PROW,Amerodectes protonotaria,27
6,1,PROW14,PROW,Amerodectes protonotaria,27
7,1,PROW14,PROW,Amerodectes protonotaria,27
7,1,PROW14,PROW,Amerodectes protonotaria,27
7,1,PROW14,PROW,Amerodectes protonotaria,27
7,1,PROW14,PROW,Amerodectes protonotaria,27
8,1,PROW14,PROW,Amerodectes protonotaria,27
8,1,PROW14,PROW,Amerodectes protonotaria,27
2,1,PROW14,PROW,Proctophyllodes quadratus,1