day,event,bird_id,host_species,mite_species
1,1,AMRE1,AMRE,Amerodectes ischyros
1,1,AMRE1,AMRE,Amerodectes ischyros
1,1,AMRE1,AMRE,Amerodectes ischyros
1,1,AMRE1,AMRE,Amerodectes ischyros
1,1,AMRE1,AMRE,Amerodectes ischyros
1,1,AMRE1,AMRE,Amerodectes ischyros
3,1,AMRE1,AMRE,Amerodectes ischyros
3,1,AMRE1,AMRE,Amerodectes ischyros
9,1,AMRE1,AMRE,Amerodectes ischyros
10,1,AMRE1,AMRE,Amerodectes ischyros
10,1,AMRE1,AMRE,Amerodectes ischyros
10,1,AMRE1,AMRE,Amerodectes ischyros
10,1,AMRE1,AMRE,Amerodectes ischyros
10,1,AMRE1,AMRE,Amerodectes ischyros
10,1,AMRE1,AMRE,Amerodectes ischyros
10,1,AMRE1,AMRE,Amerodectes ischyros
10,1,AMRE1,AMRE,Amerodectes ischyros
10,1,AMRE1,AMRE,Amerodectes ischyros
10,1,AMRE1,AMRE,Amerodectes ischyros
10,1,AMRE1,AMRE,Amerodectes ischyros
10,1,AMRE1,AMRE,Amerodectes ischyros
10,1,AMRE1,AMRE,Amerodectes ischyros
10,1,AMRE1,AMRE,Amerodectes ischyros
10,1,AMRE1,AMRE,Amerodectes ischyros
10,1,AMRE1,AMRE,Amerodectes ischyros
5,1,PROW1,PROW,Amerodectes protonotaria
5,1,PROW1,PROW,Amerodectes protonotaria
5,1,PROW1,PROW,Amerodectes protonotaria
5,1,PROW1,PROW,Amerodectes protonotaria
11,1,PROW1,PROW,Amerodectes protonotaria
3,1,PROW2,PROW,Amerodectes protonotaria
3,1,PROW2,PROW,Amerodectes protonotaria
3,1,PROW2,PROW,Amerodectes protonotaria
3,1,PROW2,PROW,Amerodectes protonotaria
3,1,PROW2,PROW,Amerodectes protonotaria
3,1,PROW2,PROW,Amerodectes protonotaria
3,1,PROW2,PROW,Amerodectes protonotaria
3,1,PROW2,PROW,Amerodectes protonotaria
3,1,PROW2,PROW,Amerodectes protonotaria
3,1,PROW2,PROW,Amerodectes protonotaria
3,1,PROW2,PROW,Amerodectes protonotaria
3,1,PROW2,PROW,Amerodectes protonotaria
3,1,PROW2,PROW,Amerodectes protonotaria
4,1,PROW2,PROW,Amerodectes protonotaria
4,1,PROW2,PROW,Amerodectes protonotaria
4,1,PROW2,PROW,Amerodectes protonotaria
4,1,PROW2,PROW,Amerodectes protonotaria
4,1,PROW2,PROW,Amerodectes protonotaria
4,1,PROW2,PROW,Amerodectes protonotaria
5,1,PROW2,PROW,Amerodectes protonotaria
5,1,PROW2,PROW,Amerodectes protonotaria
5,1,PROW2,PROW,Amerodectes protonotaria
5,1,PROW2,PROW,Amerodectes protonotaria
5,1,PROW2,PROW,Amerodectes protonotaria
5,1,PROW2,PROW,Amerodectes protonotaria
5,1,PROW2,PROW,Amerodectes protonotaria
5,1,PROW2,PROW,Amerodectes protonotaria
5,1,PROW2,PROW,Amerodectes protonotaria
5,1,PROW2,PROW,Amerodectes protonotaria
5,1,PROW2,PROW,Amerodectes protonotaria
5,1,PROW2,PROW,Amerodectes protonotaria
5,1,PROW2,PROW,Amerodectes protonotaria
5,1,PROW2,PROW,Amerodectes protonotaria
5,1,PROW2,PROW,Amerodectes protonotaria
5,1,PROW2,PROW,Amerodectes protonotaria
5,1,PROW2,PROW,Amerodectes protonotaria
6,1,PROW2,PROW,Amerodectes protonotaria
6,1,PROW2,PROW,Amerodectes protonotaria
6,1,PROW2,PROW,Amerodectes protonotaria
6,1,PROW2,PROW,Amerodectes protonotaria
6,1,PROW2,PROW,Amerodectes protonotaria
6,1,PROW2,PROW,Amerodectes protonotaria
6,1,PROW2,PROW,Amerodectes protonotaria
6,1,PROW2,PROW,Amerodectes protonotaria
6,1,PROW2,PROW,Amerodectes protonotaria
6,1,PROW2,PROW,Amerodectes protonotaria
6,1,PROW2,PROW,Amerodectes protonotaria
6,1,PROW2,PROW,Amerodectes protonotaria
6,1,PROW2,PROW,Amerodectes protonotaria
6,1,PROW2,PROW,Amerodectes protonotaria
6,1,PROW2,PROW,Amerodectes protonotaria
6,1,PROW2,PROW,Amerodectes protonotaria
6,1,PROW2,PROW,Amerodectes protonotaria
6,1,PROW2,PROW,Amerodectes protonotaria
6,1,PROW2,PROW,Amerodectes protonotaria
6,1,PROW2,PROW,Amerodectes protonotaria
6,1,PROW2,PROW,Amerodectes protonotaria
6,1,PROW2,PROW,Amerodectes protonotaria
6,1,PROW2,PROW,Amerodectes protonotaria
6,1,PROW2,PROW,Amerodectes protonotaria
6,1,PROW2,PROW,Amerodectes protonotaria
6,1,PROW2,PROW,Amerodectes protonotaria
6,1,PROW2,PROW,Amerodectes protonotaria
6,1,PROW2,PROW,Amerodectes protonotaria
6,1,PROW2,PROW,Amerodectes protonotaria
6,1,PROW2,PROW,Amerodectes protonotaria
6,1,PROW2,PROW,Amerodectes protonotaria
6,1,PROW2,PROW,Amerodectes protonotaria
6,1,PROW2,PROW,Amerodectes protonotaria
6,1,PROW2,PROW,Amerodectes protonotaria
6,1,PROW2,PROW,Amerodectes protonotaria
6,1,PROW2,PROW,Amerodectes protonotaria
6,1,PROW2,PROW,Amerodectes protonotaria
6,1,PROW2,PROW,Amerodectes protonotaria
6,1,PROW2,PROW,Amerodectes protonotaria
6,1,PROW2,PROW,Amerodectes protonotaria
6,1,PROW2,PROW,Amerodectes protonotaria
6,1,PROW2,PROW,Amerodectes protonotaria
6,1,PROW2,PROW,Amerodectes protonotaria
6,1,PROW2,PROW,Amerodectes protonotaria
6,1,PROW2,PROW,Amerodectes protonotaria
6,1,PROW2,PROW,Amerodectes protonotaria
6,1,PROW2,PROW,Amerodectes protonotaria
6,1,PROW2,PROW,Amerodectes protonotaria
6,1,PROW2,PROW,Amerodectes protonotaria
6,1,PROW2,PROW,Amerodectes protonotaria
6,1,PROW2,PROW,Amerodectes protonotaria
6,1,PROW2,PROW,Amerodectes protonotaria
6,1,PROW2,PROW,Amerodectes protonotaria
6,1,PROW2,PROW,Amerodectes protonotaria
6,1,PROW2,PROW,Amerodectes protonotaria
6,1,PROW2,PROW,Amerodectes protonotaria
6,1,PROW2,PROW,Amerodectes protonotaria
6,1,PROW2,PROW,Amerodectes protonotaria
6,1,PROW2,PROW,Amerodectes protonotaria
6,1,PROW2,PROW,Amerodectes protonotaria
6,1,PROW2,PROW,Amerodectes protonotaria
6,1,PROW2,PROW,Amerodectes protonotaria
6,1,PROW2,PROW,Amerodectes protonotaria
6,1,PROW2,PROW,Amerodectes protonotaria
6,1,PROW2,PROW,Amerodectes protonotaria
6,1,PROW2,PROW,Amerodectes protonotaria
6,1,PROW2,PROW,Amerodectes protonotaria
6,1,PROW2,PROW,Amerodectes protonotaria
6,1,PROW2,PROW,Amerodectes protonotaria
6,1,PROW2,PROW,Amerodectes protonotaria
6,1,PROW2,PROW,Amerodectes protonotaria
6,1,PROW2,PROW,Amerodectes protonotaria
6,1,PROW2,PROW,Amerodectes protonotaria
6,1,PROW2,PROW,Amerodectes protonotaria
6,1,PROW2,PROW,Amerodectes protonotaria
6,1,PROW2,PROW,Amerodectes protonotaria
6,1,PROW2,PROW,Amerodectes protonotaria
6,1,PROW2,PROW,Amerodectes protonotaria
6,1,PROW2,PROW,Amerodectes protonotaria
6,1,PROW2,PROW,Amerodectes protonotaria
6,1,PROW2,PROW,Amerodectes protonotaria
6,1,PROW2,PROW,Amerodectes protonotaria
6,1,PROW2,PROW,Amerodectes protonotaria
6,1,PROW2,PROW,Amerodectes protonotaria
6,1,PROW2,PROW,Amerodectes protonotaria
6,1,PROW2,PROW,Amerodectes protonotaria
6,1,PROW2,PROW,Amerodectes protonotaria
6,1,PROW2,PROW,Amerodectes protonotaria
6,1,PROW2,PROW,Amerodectes protonotaria
6,1,PROW2,PROW,Amerodectes protonotaria
6,1,PROW2,PROW,Amerodectes protonotaria
6,1,PROW2,PROW,Amerodectes protonotaria
6,1,PROW2,PROW,Amerodectes protonotaria
6,1,PROW2,PROW,Amerodectes protonotaria
6,1,PROW2,PROW,Amerodectes protonotaria
6,1,PROW2,PROW,Amerodectes protonotaria
6,1,PROW2,PROW,Amerodectes protonotaria
6,1,PROW2,PROW,Amerodectes protonotaria
6,1,PROW2,PROW,Amerodectes protonotaria
6,1,PROW2,PROW,Amerodectes protonotaria
6,1,PROW2,PROW,Amerodectes protonotaria
6,1,PROW2,PROW,Amerodectes protonotaria
6,1,PROW2,PROW,Amerodectes protonotaria
6,1,PROW2,PROW,Amerodectes protonotaria
6,1,PROW2,PROW,Amerodectes protonotaria
6,1,PROW2,PROW,Amerodectes protonotaria
6,1,PROW2,PROW,Amerodectes protonotaria
6,1,PROW2,PROW,Amerodectes protonotaria
6,1,PROW2,PROW,Amerodectes protonotaria
6,1,PROW2,PROW,Amerodectes protonotaria
6,1,PROW2,PROW,Amerodectes protonotaria
6,1,PROW2,PROW,Amerodectes protonotaria
6,1,PROW2,PROW,Amerodectes protonotaria
6,1,PROW2,PROW,Amerodectes protonotaria
6,1,PROW2,PROW,Amerodectes protonotaria
6,1,PROW2,PROW,Amerodectes protonotaria
6,1,PROW2,PROW,Amerodectes protonotaria
6,1,PROW2,PROW,Amerodectes protonotaria
6,1,PROW2,PROW,Amerodectes protonotaria
6,1,PROW2,PROW,Amerodectes protonotaria
6,1,PROW2,PROW,Amerodectes protonotaria
6,1,PROW2,PROW,Amerodectes protonotaria
6,1,PROW2,PROW,Amerodectes protonotaria
6,1,PROW2,PROW,Amerodectes protonotaria
6,1,PROW2,PROW,Amerodectes protonotaria
6,1,PROW2,PROW,Amerodectes protonotaria
6,1,PROW2,PROW,Amerodectes protonotaria
6,1,PROW2,PROW,Amerodectes protonotaria
6,1,PROW2,PROW,Amerodectes protonotaria
6,1,PROW2,PROW,Amerodectes protonotaria
6,1,PROW2,PROW,Amerodectes protonotaria
6,1,PROW2,PROW,Amerodectes protonotaria
6,1,PROW2,PROW,Amerodectes protonotaria
6,1,PROW2,PROW,Amerodectes protonotaria
6,1,PROW2,PROW,Amerodectes protonotaria
6,1,PROW2,PROW,Amerodectes protonotaria
6,1,PROW2,PROW,Amerodectes protonotaria
6,1,PROW2,PROW,Amerodectes protonotaria
6,1,PROW2,PROW,Amerodectes protonotaria
6,1,PROW2,PROW,Amerodectes protonotaria
6,1,PROW2,PROW,Amerodectes protonotaria
6,1,PROW2,PROW,Amerodectes protonotaria
6,1,PROW2,PROW,Amerodectes protonotaria
6,1,PROW2,PROW,Amerodectes protonotaria
6,1,PROW2,PROW,Amerodectes protonotaria
6,1,PROW2,PROW,Amerodectes protonotaria
6,1,PROW2,PROW,Amerodectes protonotaria
6,1,PROW2,PROW,Amerodectes protonotaria
6,1,PROW2,PROW,Amerodectes protonotaria
6,1,PROW2,PROW,Amerodectes protonotaria
6,1,PROW2,PROW,Amerodectes protonotaria
6,1,PROW2,PROW,Amerodectes protonotaria
6,1,PROW2,PROW,Amerodectes protonotaria
6,1,PROW2,PROW,Amerodectes protonotaria
6,1,PROW2,PROW,Amerodectes protonotaria
6,1,PROW2,PROW,Amerodectes protonotaria
6,1,PROW2,PROW,Amerodectes protonotaria
6,1,PROW2,PROW,Amerodectes protonotaria
6,1,PROW2,PROW,Amerodectes protonotaria
6,1,PROW2,PROW,Amerodectes protonotaria
6,1,PROW2,PROW,Amerodectes protonotaria
6,1,PROW2,PROW,Amerodectes protonotaria
6,1,PROW2,PROW,Amerodectes protonotaria
6,1,PROW2,PROW,Amerodectes protonotaria
6,1,PROW2,PROW,Amerodectes protonotaria
6,1,PROW2,PROW,Amerodectes protonotaria
6,1,PROW2,PROW,Amerodectes protonotaria
6,1,PROW2,PROW,Amerodectes protonotaria
6,1,PROW2,PROW,Amerodectes protonotaria
6,1,PROW2,PROW,Amerodectes protonotaria
6,1,PROW2,PROW,Amerodectes protonotaria
6,1,PROW2,PROW,Amerodectes protonotaria
6,1,PROW2,PROW,Amerodectes protonotaria
6,1,PROW2,PROW,Amerodectes protonotaria
6,1,PROW2,PROW,Amerodectes protonotaria
6,1,PROW2,PROW,Amerodectes protonotaria
6,1,PROW2,PROW,Amerodectes protonotaria
6,1,PROW2,PROW,Amerodectes protonotaria
6,1,PROW2,PROW,Amerodectes protonotaria
6,1,PROW2,PROW,Amerodectes protonotaria
6,1,PROW2,PROW,Amerodectes protonotaria
6,1,PROW2,PROW,Amerodectes protonotaria
6,1,PROW2,PROW,Amerodectes protonotaria
6,1,PROW2,PROW,Amerodectes protonotaria
6,1,PROW2,PROW,Amerodectes protonotaria
6,1,PROW2,PROW,Amerodectes protonotaria
6,1,PROW2,PROW,Amerodectes protonotaria
6,1,PROW2,PROW,Amerodectes protonotaria
6,1,PROW2,PROW,Amerodectes protonotaria
6,1,PROW2,PROW,Amerodectes protonotaria
6,1,PROW2,PROW,Amerodectes protonotaria
6,1,PROW2,PROW,Amerodectes protonotaria
6,1,PROW2,PROW,Amerodectes protonotaria
6,1,PROW2,PROW,Amerodectes protonotaria
6,1,PROW2,PROW,Amerodectes protonotaria
6,1,PROW2,PROW,Amerodectes protonotaria
6,1,PROW2,PROW,Amerodectes protonotaria
6,1,PROW2,PROW,Amerodectes protonotaria
6,1,PROW2,PROW,Amerodectes protonotaria
6,1,PROW2,PROW,Amerodectes protonotaria
6,1,PROW2,PROW,Amerodectes protonotaria
6,1,PROW2,PROW,Amerodectes protonotaria
6,1,PROW2,PROW,Amerodectes protonotaria
6,1,PROW2,PROW,Amerodectes protonotaria
6,1,PROW2,PROW,Amerodectes protonotaria
6,1,PROW2,PROW,Amerodectes protonotaria
6,1,PROW2,PROW,Amerodectes protonotaria
6,1,PROW2,PROW,Amerodectes protonotaria
6,1,PROW2,PROW,Amerodectes protonotaria
6,1,PROW2,PROW,Amerodectes protonotaria
6,1,PROW2,PROW,Amerodectes protonotaria
6,1,PROW2,PROW,Amerodectes protonotaria
6,1,PROW2,PROW,Amerodectes protonotaria
6,1,PROW2,PROW,Amerodectes protonotaria
6,1,PROW2,PROW,Amerodectes protonotaria
6,1,PROW2,PROW,Amerodectes protonotaria
6,1,PROW2,PROW,Amerodectes protonotaria
6,1,PROW2,PROW,Amerodectes protonotaria
6,1,PROW2,PROW,Amerodectes protonotaria
6,1,PROW2,PROW,Amerodectes protonotaria
6,1,PROW2,PROW,Amerodectes protonotaria
6,1,PROW2,PROW,Amerodectes protonotaria
1,1,AMRE2,AMRE,Amerodectes ischyros
1,1,AMRE2,AMRE,Amerodectes ischyros
6,1,AMRE2,AMRE,Amerodectes ischyros
6,1,AMRE2,AMRE,Amerodectes ischyros
6,1,AMRE2,AMRE,Amerodectes ischyros
7,1,AMRE2,AMRE,Amerodectes ischyros
8,1,AMRE2,AMRE,Amerodectes ischyros
8,1,AMRE2,AMRE,Amerodectes ischyros
8,1,AMRE2,AMRE,Amerodectes ischyros
8,1,AMRE2,AMRE,Amerodectes ischyros
11,1,AMRE2,AMRE,Amerodectes ischyros
11,1,AMRE2,AMRE,Amerodectes ischyros
11,1,AMRE2,AMRE,Amerodectes ischyros
11,1,AMRE2,AMRE,Amerodectes ischyros
11,1,AMRE2,AMRE,Amerodectes ischyros
11,1,AMRE2,AMRE,Amerodectes ischyros
11,1,AMRE2,AMRE,Amerodectes ischyros
11,1,AMRE2,AMRE,Amerodectes ischyros
11,1,AMRE2,AMRE,Amerodectes ischyros
11,1,AMRE2,AMRE,Amerodectes ischyros
11,1,AMRE2,AMRE,Amerodectes ischyros
11,1,AMRE2,AMRE,Amerodectes ischyros
11,1,AMRE2,AMRE,Amerodectes ischyros
11,1,AMRE2,AMRE,Amerodectes ischyros
11,1,AMRE2,AMRE,Amerodectes ischyros
11,1,AMRE2,AMRE,Amerodectes ischyros
11,1,AMRE2,AMRE,Amerodectes ischyros
11,1,AMRE2,AMRE,Amerodectes ischyros
11,1,AMRE2,AMRE,Amerodectes ischyros
11,1,AMRE2,AMRE,Amerodectes ischyros
11,1,AMRE2,AMRE,Amerodectes ischyros
11,1,AMRE2,AMRE,Amerodectes ischyros
11,1,AMRE2,AMRE,Amerodectes ischyros
11,1,AMRE2,AMRE,Amerodectes ischyros
9,1,PROW3,PROW,Amerodectes protonotaria
9,1,PROW3,PROW,Amerodectes protonotaria
9,1,PROW3,PROW,Amerodectes protonotaria
9,1,PROW3,PROW,Amerodectes protonotaria
9,1,PROW3,PROW,Amerodectes protonotaria
9,1,PROW3,PROW,Amerodectes protonotaria
9,1,PROW3,PROW,Amerodectes protonotaria
9,1,PROW3,PROW,Amerodectes protonotaria
9,1,PROW3,PROW,Amerodectes protonotaria
9,1,PROW3,PROW,Amerodectes protonotaria
9,1,PROW3,PROW,Amerodectes protonotaria
1,1,PROW3,PROW,Proctophyllodes quadratus
1,1,PROW3,PROW,Proctophyllodes quadratus
2,1,PROW3,PROW,Proctophyllodes quadratus
1,1,PROW4,PROW,Amerodectes protonotaria
2,1,PROW4,PROW,Amerodectes protonotaria
2,1,PROW4,PROW,Amerodectes protonotaria
3,1,PROW4,PROW,Amerodectes protonotaria
10,1,PROW4,PROW,Amerodectes protonotaria
10,1,PROW4,PROW,Amerodectes protonotaria
10,1,PROW4,PROW,Amerodectes protonotaria
10,1,PROW4,PROW,Amerodectes protonotaria
10,1,PROW4,PROW,Amerodectes protonotaria
10,1,PROW4,PROW,Amerodectes protonotaria
10,1,PROW4,PROW,Amerodectes protonotaria
10,1,PROW4,PROW,Amerodectes protonotaria
10,1,PROW4,PROW,Amerodectes protonotaria
10,1,PROW4,PROW,Amerodectes protonotaria
10,1,PROW4,PROW,Amerodectes protonotaria
10,1,PROW4,PROW,Amerodectes protonotaria
10,1,PROW4,PROW,Amerodectes protonotaria
10,1,PROW4,PROW,Amerodectes protonotaria
10,1,PROW4,PROW,Amerodectes protonotaria
10,1,PROW4,PROW,Amerodectes protonotaria
10,1,PROW4,PROW,Amerodectes protonotaria
10,1,PROW4,PROW,Amerodectes protonotaria
10,1,PROW4,PROW,Amerodectes protonotaria
10,1,PROW4,PROW,Amerodectes protonotaria
10,1,PROW4,PROW,Amerodectes protonotaria
10,1,PROW4,PROW,Amerodectes protonotaria
10,1,PROW4,PROW,Amerodectes protonotaria
10,1,PROW4,PROW,Amerodectes protonotaria
10,1,PROW4,PROW,Amerodectes protonotaria
10,1,PROW4,PROW,Amerodectes protonotaria
10,1,PROW4,PROW,Amerodectes protonotaria
10,1,PROW4,PROW,Amerodectes protonotaria
10,1,PROW4,PROW,Amerodectes protonotaria
10,1,PROW4,PROW,Amerodectes protonotaria
10,1,PROW4,PROW,Amerodectes protonotaria
10,1,PROW4,PROW,Amerodectes protonotaria
10,1,PROW4,PROW,Amerodectes protonotaria
10,1,PROW4,PROW,Amerodectes protonotaria
10,1,PROW4,PROW,Amerodectes protonotaria
10,1,PROW4,PROW,Amerodectes protonotaria
10,1,PROW4,PROW,Amerodectes protonotaria
10,1,PROW4,PROW,Amerodectes protonotaria
10,1,PROW4,PROW,Amerodectes protonotaria
10,1,PROW4,PROW,Amerodectes protonotaria
10,1,PROW4,PROW,Amerodectes protonotaria
10,1,PROW4,PROW,Amerodectes protonotaria
10,1,PROW4,PROW,Amerodectes protonotaria
10,1,PROW4,PROW,Amerodectes protonotaria
10,1,PROW4,PROW,Amerodectes protonotaria
10,1,PROW4,PROW,Amerodectes protonotaria
10,1,PROW4,PROW,Amerodectes protonotaria
10,1,PROW4,PROW,Amerodectes protonotaria
10,1,PROW4,PROW,Amerodectes protonotaria
10,1,PROW4,PROW,Amerodectes protonotaria
10,1,PROW4,PROW,Amerodectes protonotaria
10,1,PROW4,PROW,Amerodectes protonotaria
10,1,PROW4,PROW,Amerodectes protonotaria
10,1,PROW4,PROW,Amerodectes protonotaria
10,1,PROW4,PROW,Amerodectes protonotaria
10,1,PROW4,PROW,Amerodectes protonotaria
10,1,PROW4,PROW,Amerodectes protonotaria
10,1,PROW4,PROW,Amerodectes protonotaria
10,1,PROW4,PROW,Amerodectes protonotaria
10,1,PROW4,PROW,Amerodectes protonotaria
10,1,PROW4,PROW,Amerodectes protonotaria
10,1,PROW4,PROW,Amerodectes protonotaria
10,1,PROW4,PROW,Amerodectes protonotaria
10,1,PROW4,PROW,Amerodectes protonotaria
10,1,PROW4,PROW,Amerodectes protonotaria
10,1,PROW4,PROW,Amerodectes protonotaria
10,1,PROW4,PROW,Amerodectes protonotaria
10,1,PROW4,PROW,Amerodectes protonotaria
10,1,PROW4,PROW,Amerodectes protonotaria
10,1,PROW4,PROW,Amerodectes protonotaria
10,1,PROW4,PROW,Amerodectes protonotaria
10,1,PROW4,PROW,Amerodectes protonotaria
10,1,PROW4,PROW,Amerodectes protonotaria
10,1,PROW4,PROW,Amerodectes protonotaria
10,1,PROW4,PROW,Amerodectes protonotaria
10,1,PROW4,PROW,Amerodectes protonotaria
10,1,PROW4,PROW,Amerodectes protonotaria
10,1,PROW4,PROW,Amerodectes protonotaria
10,1,PROW4,PROW,Amerodectes protonotaria
10,1,PROW4,PROW,Amerodectes protonotaria
10,1,PROW4,PROW,Amerodectes protonotaria
10,1,PROW4,PROW,Amerodectes protonotaria
10,1,PROW4,PROW,Amerodectes protonotaria
10,1,PROW4,PROW,Amerodectes protonotaria
10,1,PROW4,PROW,Amerodectes protonotaria
10,1,PROW4,PROW,Amerodectes protonotaria
10,1,PROW4,PROW,Amerodectes protonotaria
10,1,PROW4,PROW,Amerodectes protonotaria
10,1,PROW4,PROW,Amerodectes protonotaria
10,1,PROW4,PROW,Amerodectes protonotaria
10,1,PROW4,PROW,Amerodectes protonotaria
10,1,PROW4,PROW,Amerodectes protonotaria
10,1,PROW4,PROW,Amerodectes protonotaria
10,1,PROW4,PROW,Amerodectes protonotaria
10,1,PROW4,PROW,Amerodectes protonotaria
10,1,PROW4,PROW,Amerodectes protonotaria
10,1,PROW4,PROW,Amerodectes protonotaria
10,1,PROW4,PROW,Amerodectes protonotaria
10,1,PROW4,PROW,Amerodectes protonotaria
10,1,PROW4,PROW,Amerodectes protonotaria
10,1,PROW4,PROW,Amerodectes protonotaria
10,1,PROW4,PROW,Amerodectes protonotaria
10,1,PROW4,PROW,Amerodectes protonotaria
10,1,PROW4,PROW,Amerodectes protonotaria
10,1,PROW4,PROW,Amerodectes protonotaria
10,1,PROW4,PROW,Amerodectes protonotaria
10,1,PROW4,PROW,Amerodectes protonotaria
10,1,PROW4,PROW,Amerodectes protonotaria
10,1,PROW4,PROW,Amerodectes protonotaria
10,1,PROW4,PROW,Amerodectes protonotaria
10,1,PROW4,PROW,Amerodectes protonotaria
10,1,PROW4,PROW,Amerodectes protonotaria
10,1,PROW4,PROW,Amerodectes protonotaria
10,1,PROW4,PROW,Amerodectes protonotaria
10,1,PROW4,PROW,Amerodectes protonotaria
10,1,PROW4,PROW,Amerodectes protonotaria
10,1,PROW5,PROW,Amerodectes protonotaria
10,1,PROW5,PROW,Amerodectes protonotaria
10,1,PROW5,PROW,Amerodectes protonotaria
10,1,PROW5,PROW,Amerodectes protonotaria
10,1,PROW5,PROW,Amerodectes protonotaria
10,1,PROW5,PROW,Amerodectes protonotaria
10,1,PROW5,PROW,Amerodectes protonotaria
10,1,PROW5,PROW,Amerodectes protonotaria
10,1,PROW5,PROW,Amerodectes protonotaria
10,1,PROW5,PROW,Amerodectes protonotaria
10,1,PROW5,PROW,Amerodectes protonotaria
10,1,PROW5,PROW,Amerodectes protonotaria
10,1,PROW5,PROW,Amerodectes protonotaria
10,1,PROW5,PROW,Amerodectes protonotaria
10,1,PROW5,PROW,Amerodectes protonotaria
10,1,PROW5,PROW,Amerodectes protonotaria
10,1,PROW5,PROW,Amerodectes protonotaria
10,1,PROW5,PROW,Amerodectes protonotaria
10,1,PROW5,PROW,Amerodectes protonotaria
10,1,PROW5,PROW,Amerodectes protonotaria
10,1,PROW5,PROW,Amerodectes protonotaria
10,1,PROW5,PROW,Amerodectes protonotaria
10,1,PROW5,PROW,Amerodectes protonotaria
10,1,PROW5,PROW,Amerodectes protonotaria
10,1,PROW5,PROW,Amerodectes protonotaria
10,1,PROW5,PROW,Amerodectes protonotaria
10,1,PROW5,PROW,Amerodectes protonotaria
10,1,PROW5,PROW,Amerodectes protonotaria
10,1,PROW5,PROW,Amerodectes protonotaria
10,1,PROW5,PROW,Amerodectes protonotaria
10,1,PROW5,PROW,Amerodectes protonotaria
10,1,PROW5,PROW,Amerodectes protonotaria
10,1,PROW5,PROW,Amerodectes protonotaria
10,1,PROW5,PROW,Amerodectes protonotaria
10,1,PROW5,PROW,Amerodectes protonotaria
10,1,PROW5,PROW,Amerodectes protonotaria
10,1,PROW5,PROW,Amerodectes protonotaria
10,1,PROW5,PROW,Amerodectes protonotaria
10,1,PROW5,PROW,Amerodectes protonotaria
10,1,PROW5,PROW,Amerodectes protonotaria
10,1,PROW5,PROW,Amerodectes protonotaria
10,1,PROW5,PROW,Amerodectes protonotaria
10,1,PROW5,PROW,Amerodectes protonotaria
10,1,PROW5,PROW,Amerodectes protonotaria
10,1,PROW5,PROW,Amerodectes protonotaria
10,1,PROW5,PROW,Amerodectes protonotaria
10,1,PROW5,PROW,Amerodectes protonotaria
10,1,PROW5,PROW,Amerodectes protonotaria
10,1,PROW5,PROW,Amerodectes protonotaria
10,1,PROW5,PROW,Amerodectes protonotaria
10,1,PROW5,PROW,Amerodectes protonotaria
10,1,PROW5,PROW,Amerodectes protonotaria
10,1,PROW5,PROW,Amerodectes protonotaria
10,1,PROW5,PROW,Amerodectes protonotaria
10,1,PROW5,PROW,Amerodectes protonotaria
10,1,PROW5,PROW,Amerodectes protonotaria
10,1,PROW5,PROW,Amerodectes protonotaria
10,1,PROW5,PROW,Amerodectes protonotaria
10,1,PROW5,PROW,Amerodectes protonotaria
10,1,PROW5,PROW,Amerodectes protonotaria
10,1,PROW5,PROW,Amerodectes protonotaria
10,1,PROW5,PROW,Amerodectes protonotaria
10,1,PROW5,PROW,Amerodectes protonotaria
10,1,PROW5,PROW,Amerodectes protonotaria
10,1,PROW5,PROW,Amerodectes protonotaria
10,1,PROW5,PROW,Amerodectes protonotaria
10,1,PROW5,PROW,Amerodectes protonotaria
10,1,PROW5,PROW,Amerodectes protonotaria
10,1,PROW5,PROW,Amerodectes protonotaria
10,1,PROW5,PROW,Amerodectes protonotaria
10,1,PROW5,PROW,Amerodectes protonotaria
10,1,PROW5,PROW,Amerodectes protonotaria
10,1,PROW5,PROW,Amerodectes protonotaria
10,1,PROW5,PROW,Amerodectes protonotaria
10,1,PROW5,PROW,Amerodectes protonotaria
10,1,PROW5,PROW,Amerodectes protonotaria
10,1,PROW5,PROW,Amerodectes protonotaria
10,1,PROW5,PROW,Amerodectes protonotaria
10,1,PROW5,PROW,Amerodectes protonotaria
10,1,PROW5,PROW,Amerodectes protonotaria
10,1,PROW5,PROW,Amerodectes protonotaria
10,1,PROW5,PROW,Amerodectes protonotaria
10,1,PROW5,PROW,Amerodectes protonotaria
10,1,PROW5,PROW,Amerodectes protonotaria
10,1,PROW5,PROW,Amerodectes protonotaria
10,1,PROW5,PROW,Amerodectes protonotaria
10,1,PROW5,PROW,Amerodectes protonotaria
10,1,PROW5,PROW,Amerodectes protonotaria
10,1,PROW5,PROW,Amerodectes protonotaria
10,1,PROW5,PROW,Amerodectes protonotaria
10,1,PROW5,PROW,Amerodectes protonotaria
10,1,PROW5,PROW,Amerodectes protonotaria
10,1,PROW5,PROW,Amerodectes protonotaria
10,1,PROW5,PROW,Amerodectes protonotaria
10,1,PROW5,PROW,Amerodectes protonotaria
10,1,PROW5,PROW,Amerodectes protonotaria
10,1,PROW5,PROW,Amerodectes protonotaria
10,1,PROW5,PROW,Amerodectes protonotaria
10,1,PROW5,PROW,Amerodectes protonotaria
10,1,PROW5,PROW,Amerodectes protonotaria
1,1,PROW5,PROW,Proctophyllodes quadratus
1,1,PROW5,PROW,Proctophyllodes quadratus
5,1,PROW5,PROW,Proctophyllodes quadratus
5,1,PROW5,PROW,Proctophyllodes quadratus
5,1,PROW5,PROW,Proctophyllodes quadratus
5,1,PROW5,PROW,Proctophyllodes quadratus
5,1,PROW5,PROW,Proctophyllodes quadratus
5,1,PROW5,PROW,Proctophyllodes quadratus
1,1,PROW6,PROW,Amerodectes protonotaria
1,1,PROW6,PROW,Amerodectes protonotaria
1,1,PROW6,PROW,Amerodectes protonotaria
2,1,PROW6,PROW,Amerodectes protonotaria
2,1,PROW6,PROW,Amerodectes protonotaria
6,1,PROW6,PROW,Amerodectes protonotaria
15,1,PROW6,PROW,Amerodectes protonotaria
15,1,PROW6,PROW,Amerodectes protonotaria
15,1,PROW6,PROW,Amerodectes protonotaria
15,1,PROW6,PROW,Amerodectes protonotaria
15,1,PROW6,PROW,Amerodectes protonotaria
15,1,PROW6,PROW,Amerodectes protonotaria
15,1,PROW6,PROW,Amerodectes protonotaria
15,1,PROW6,PROW,Amerodectes protonotaria
15,1,PROW6,PROW,Amerodectes protonotaria
15,1,PROW6,PROW,Amerodectes protonotaria
15,1,PROW6,PROW,Amerodectes protonotaria
15,1,PROW6,PROW,Amerodectes protonotaria
15,1,PROW6,PROW,Amerodectes protonotaria
15,1,PROW6,PROW,Amerodectes protonotaria
15,1,PROW6,PROW,Amerodectes protonotaria
15,1,PROW6,PROW,Amerodectes protonotaria
15,1,PROW6,PROW,Amerodectes protonotaria
15,1,PROW6,PROW,Amerodectes protonotaria
15,1,PROW6,PROW,Amerodectes protonotaria
15,1,PROW6,PROW,Amerodectes protonotaria
15,1,PROW6,PROW,Amerodectes protonotaria
15,1,PROW6,PROW,Amerodectes protonotaria
15,1,PROW6,PROW,Amerodectes protonotaria
15,1,PROW6,PROW,Amerodectes protonotaria
15,1,PROW6,PROW,Amerodectes protonotaria
15,1,PROW6,PROW,Amerodectes protonotaria
15,1,PROW6,PROW,Amerodectes protonotaria
15,1,PROW6,PROW,Amerodectes protonotaria
15,1,PROW6,PROW,Amerodectes protonotaria
15,1,PROW6,PROW,Amerodectes protonotaria
15,1,PROW6,PROW,Amerodectes protonotaria
15,1,PROW6,PROW,Amerodectes protonotaria
15,1,PROW6,PROW,Amerodectes protonotaria
15,1,PROW6,PROW,Amerodectes protonotaria
15,1,PROW6,PROW,Amerodectes protonotaria
15,1,PROW6,PROW,Amerodectes protonotaria
15,1,PROW6,PROW,Amerodectes protonotaria
1,1,PROW7,PROW,Amerodectes protonotaria
13,1,PROW7,PROW,Amerodectes protonotaria
13,1,PROW7,PROW,Amerodectes protonotaria
13,1,PROW7,PROW,Amerodectes protonotaria
13,1,PROW7,PROW,Amerodectes protonotaria
13,1,PROW7,PROW,Amerodectes protonotaria
13,1,PROW7,PROW,Amerodectes protonotaria
13,1,PROW7,PROW,Amerodectes protonotaria
13,1,PROW7,PROW,Amerodectes protonotaria
13,1,PROW7,PROW,Amerodectes protonotaria
13,1,PROW7,PROW,Amerodectes protonotaria
13,1,PROW7,PROW,Amerodectes protonotaria
13,1,PROW7,PROW,Amerodectes protonotaria
13,1,PROW7,PROW,Amerodectes protonotaria
13,1,PROW7,PROW,Amerodectes protonotaria
13,1,PROW7,PROW,Amerodectes protonotaria
13,1,PROW7,PROW,Amerodectes protonotaria
13,1,PROW7,PROW,Amerodectes protonotaria
13,1,PROW7,PROW,Amerodectes protonotaria
13,1,PROW7,PROW,Amerodectes protonotaria
13,1,PROW7,PROW,Amerodectes protonotaria
13,1,PROW7,PROW,Amerodectes protonotaria
13,1,PROW7,PROW,Amerodectes protonotaria
13,1,PROW7,PROW,Amerodectes protonotaria
13,1,PROW7,PROW,Amerodectes protonotaria
13,1,PROW7,PROW,Amerodectes protonotaria
13,1,PROW7,PROW,Amerodectes protonotaria
13,1,PROW7,PROW,Amerodectes protonotaria
13,1,PROW7,PROW,Amerodectes protonotaria
13,1,PROW7,PROW,Amerodectes protonotaria
13,1,PROW7,PROW,Amerodectes protonotaria
13,1,PROW7,PROW,Amerodectes protonotaria
13,1,PROW7,PROW,Amerodectes protonotaria
13,1,PROW7,PROW,Amerodectes protonotaria
13,1,PROW7,PROW,Amerodectes protonotaria
13,1,PROW7,PROW,Amerodectes protonotaria
13,1,PROW7,PROW,Amerodectes protonotaria
13,1,PROW7,PROW,Amerodectes protonotaria
13,1,PROW7,PROW,Amerodectes protonotaria
13,1,PROW7,PROW,Amerodectes protonotaria
13,1,PROW7,PROW,Amerodectes protonotaria
13,1,PROW7,PROW,Amerodectes protonotaria
13,1,PROW7,PROW,Amerodectes protonotaria
13,1,PROW7,PROW,Amerodectes protonotaria
13,1,PROW7,PROW,Amerodectes protonotaria
13,1,PROW7,PROW,Amerodectes protonotaria
13,1,PROW7,PROW,Amerodectes protonotaria
13,1,PROW7,PROW,Amerodectes protonotaria
13,1,PROW7,PROW,Amerodectes protonotaria
13,1,PROW7,PROW,Amerodectes protonotaria
13,1,PROW7,PROW,Amerodectes protonotaria
13,1,PROW7,PROW,Amerodectes protonotaria
13,1,PROW7,PROW,Amerodectes protonotaria
13,1,PROW7,PROW,Amerodectes protonotaria
13,1,PROW7,PROW,Amerodectes protonotaria
13,1,PROW7,PROW,Amerodectes protonotaria
13,1,PROW7,PROW,Amerodectes protonotaria
13,1,PROW7,PROW,Amerodectes protonotaria
13,1,PROW7,PROW,Amerodectes protonotaria
13,1,PROW7,PROW,Amerodectes protonotaria
13,1,PROW7,PROW,Amerodectes protonotaria
13,1,PROW7,PROW,Amerodectes protonotaria
13,1,PROW7,PROW,Amerodectes protonotaria
13,1,PROW7,PROW,Amerodectes protonotaria
13,1,PROW7,PROW,Amerodectes protonotaria
13,1,PROW7,PROW,Amerodectes protonotaria
13,1,PROW7,PROW,Amerodectes protonotaria
13,1,PROW7,PROW,Amerodectes protonotaria
13,1,PROW7,PROW,Amerodectes protonotaria
13,1,PROW7,PROW,Amerodectes protonotaria
13,1,PROW7,PROW,Amerodectes protonotaria
13,1,PROW7,PROW,Amerodectes protonotaria
13,1,PROW7,PROW,Amerodectes protonotaria
13,1,PROW7,PROW,Amerodectes protonotaria
13,1,PROW7,PROW,Amerodectes protonotaria
13,1,PROW7,PROW,Amerodectes protonotaria
13,1,PROW7,PROW,Amerodectes protonotaria
13,1,PROW7,PROW,Amerodectes protonotaria
13,1,PROW7,PROW,Amerodectes protonotaria
13,1,PROW7,PROW,Amerodectes protonotaria
13,1,PROW7,PROW,Amerodectes protonotaria
13,1,PROW7,PROW,Amerodectes protonotaria
13,1,PROW7,PROW,Amerodectes protonotaria
13,1,PROW7,PROW,Amerodectes protonotaria
13,1,PROW7,PROW,Amerodectes protonotaria
13,1,PROW7,PROW,Amerodectes protonotaria
13,1,PROW7,PROW,Amerodectes protonotaria
13,1,PROW7,PROW,Amerodectes protonotaria
13,1,PROW7,PROW,Amerodectes protonotaria
13,1,PROW7,PROW,Amerodectes protonotaria
13,1,PROW7,PROW,Amerodectes protonotaria
13,1,PROW7,PROW,Amerodectes protonotaria
13,1,PROW7,PROW,Amerodectes protonotaria
13,1,PROW7,PROW,Amerodectes protonotaria
13,1,PROW7,PROW,Amerodectes protonotaria
13,1,PROW7,PROW,Amerodectes protonotaria
13,1,PROW7,PROW,Amerodectes protonotaria
13,1,PROW7,PROW,Amerodectes protonotaria
13,1,PROW7,PROW,Amerodectes protonotaria
13,1,PROW7,PROW,Amerodectes protonotaria
13,1,PROW7,PROW,Amerodectes protonotaria
13,1,PROW7,PROW,Amerodectes protonotaria
13,1,PROW7,PROW,Amerodectes protonotaria
13,1,PROW7,PROW,Amerodectes protonotaria
13,1,PROW7,PROW,Amerodectes protonotaria
13,1,PROW7,PROW,Amerodectes protonotaria
13,1,PROW7,PROW,Amerodectes protonotaria
13,1,PROW7,PROW,Amerodectes protonotaria
13,1,PROW7,PROW,Amerodectes protonotaria
13,1,PROW7,PROW,Amerodectes protonotaria
13,1,PROW7,PROW,Amerodectes protonotaria
13,1,PROW7,PROW,Amerodectes protonotaria
13,1,PROW7,PROW,Amerodectes protonotaria
13,1,PROW7,PROW,Amerodectes protonotaria
13,1,PROW7,PROW,Amerodectes protonotaria
13,1,PROW7,PROW,Amerodectes protonotaria
13,1,PROW7,PROW,Amerodectes protonotaria
13,1,PROW7,PROW,Amerodectes protonotaria
13,1,PROW7,PROW,Amerodectes protonotaria
13,1,PROW7,PROW,Amerodectes protonotaria
13,1,PROW7,PROW,Amerodectes protonotaria
13,1,PROW7,PROW,Amerodectes protonotaria
13,1,PROW7,PROW,Amerodectes protonotaria
13,1,PROW7,PROW,Amerodectes protonotaria
13,1,PROW7,PROW,Amerodectes protonotaria
13,1,PROW7,PROW,Amerodectes protonotaria
13,1,PROW7,PROW,Amerodectes protonotaria
13,1,PROW7,PROW,Amerodectes protonotaria
13,1,PROW7,PROW,Amerodectes protonotaria
13,1,PROW7,PROW,Amerodectes protonotaria
13,1,PROW7,PROW,Amerodectes protonotaria
13,1,PROW7,PROW,Amerodectes protonotaria
13,1,PROW7,PROW,Amerodectes protonotaria
13,1,PROW7,PROW,Amerodectes protonotaria
13,1,PROW7,PROW,Amerodectes protonotaria
13,1,PROW7,PROW,Amerodectes protonotaria
13,1,PROW7,PROW,Amerodectes protonotaria
13,1,PROW7,PROW,Amerodectes protonotaria
13,1,PROW7,PROW,Amerodectes protonotaria
13,1,PROW7,PROW,Amerodectes protonotaria
9,1,PROW8,PROW,Amerodectes protonotaria
9,1,PROW8,PROW,Amerodectes protonotaria
9,1,PROW8,PROW,Amerodectes protonotaria
9,1,PROW8,PROW,Amerodectes protonotaria
9,1,PROW8,PROW,Amerodectes protonotaria
9,1,PROW8,PROW,Amerodectes protonotaria
9,1,PROW8,PROW,Amerodectes protonotaria
9,1,PROW8,PROW,Amerodectes protonotaria
9,1,PROW8,PROW,Amerodectes protonotaria
9,1,PROW8,PROW,Amerodectes protonotaria
9,1,PROW8,PROW,Amerodectes protonotaria
9,1,PROW8,PROW,Amerodectes protonotaria
9,1,PROW8,PROW,Amerodectes protonotaria
9,1,PROW8,PROW,Amerodectes protonotaria
9,1,PROW8,PROW,Amerodectes protonotaria
9,1,PROW8,PROW,Amerodectes protonotaria
9,1,PROW8,PROW,Amerodectes protonotaria
9,1,PROW8,PROW,Amerodectes protonotaria
9,1,PROW8,PROW,Amerodectes protonotaria
9,1,PROW8,PROW,Amerodectes protonotaria
9,1,PROW8,PROW,Amerodectes protonotaria
9,1,PROW8,PROW,Amerodectes protonotaria
9,1,PROW8,PROW,Amerodectes protonotaria
9,1,PROW8,PROW,Amerodectes protonotaria
9,1,PROW8,PROW,Amerodectes protonotaria
9,1,PROW8,PROW,Amerodectes protonotaria
9,1,PROW8,PROW,Amerodectes protonotaria
9,1,PROW8,PROW,Amerodectes protonotaria
9,1,PROW8,PROW,Amerodectes protonotaria
9,1,PROW8,PROW,Amerodectes protonotaria
9,1,PROW8,PROW,Amerodectes protonotaria
9,1,PROW8,PROW,Amerodectes protonotaria
9,1,PROW8,PROW,Amerodectes protonotaria
9,1,PROW8,PROW,Amerodectes protonotaria
6,1,PROW9,PROW,Proctophyllodes quadratus
1,1,PROW9,PROW,Amerodectes protonotaria
2,1,PROW9,PROW,Amerodectes protonotaria
2,1,PROW9,PROW,Amerodectes protonotaria
17,1,PROW9,PROW,Amerodectes protonotaria
17,1,PROW9,PROW,Amerodectes protonotaria
17,1,PROW9,PROW,Amerodectes protonotaria
17,1,PROW9,PROW,Amerodectes protonotaria
17,1,PROW9,PROW,Amerodectes protonotaria
17,1,PROW9,PROW,Amerodectes protonotaria
17,1,PROW9,PROW,Amerodectes protonotaria
17,1,PROW9,PROW,Amerodectes protonotaria
17,1,PROW9,PROW,Amerodectes protonotaria
17,1,PROW9,PROW,Amerodectes protonotaria
17,1,PROW9,PROW,Amerodectes protonotaria
17,1,PROW9,PROW,Amerodectes protonotaria
17,1,PROW9,PROW,Amerodectes protonotaria
17,1,PROW9,PROW,Amerodectes protonotaria
17,1,PROW9,PROW,Amerodectes protonotaria
17,1,PROW9,PROW,Amerodectes protonotaria
17,1,PROW9,PROW,Amerodectes protonotaria
17,1,PROW9,PROW,Amerodectes protonotaria
17,1,PROW9,PROW,Amerodectes protonotaria
17,1,PROW9,PROW,Amerodectes protonotaria
17,1,PROW9,PROW,Amerodectes protonotaria
17,1,PROW9,PROW,Amerodectes protonotaria
17,1,PROW9,PROW,Amerodectes protonotaria
17,1,PROW9,PROW,Amerodectes protonotaria
17,1,PROW9,PROW,Amerodectes protonotaria
17,1,PROW9,PROW,Amerodectes protonotaria
17,1,PROW9,PROW,Amerodectes protonotaria
17,1,PROW9,PROW,Amerodectes protonotaria
17,1,PROW9,PROW,Amerodectes protonotaria
17,1,PROW9,PROW,Amerodectes protonotaria
17,1,PROW9,PROW,Amerodectes protonotaria
17,1,PROW9,PROW,Amerodectes protonotaria
17,1,PROW9,PROW,Amerodectes protonotaria
17,1,PROW9,PROW,Amerodectes protonotaria
17,1,PROW9,PROW,Amerodectes protonotaria
17,1,PROW9,PROW,Amerodectes protonotaria
17,1,PROW9,PROW,Amerodectes protonotaria
17,1,PROW9,PROW,Amerodectes protonotaria
17,1,PROW9,PROW,Amerodectes protonotaria
17,1,PROW9,PROW,Amerodectes protonotaria
17,1,PROW9,PROW,Amerodectes protonotaria
17,1,PROW9,PROW,Amerodectes protonotaria
17,1,PROW9,PROW,Amerodectes protonotaria
17,1,PROW9,PROW,Amerodectes protonotaria
17,1,PROW9,PROW,Amerodectes protonotaria
17,1,PROW9,PROW,Amerodectes protonotaria
17,1,PROW9,PROW,Amerodectes protonotaria
17,1,PROW9,PROW,Amerodectes protonotaria
17,1,PROW9,PROW,Amerodectes protonotaria
17,1,PROW9,PROW,Amerodectes protonotaria
17,1,PROW9,PROW,Amerodectes protonotaria
17,1,PROW9,PROW,Amerodectes protonotaria
17,1,PROW9,PROW,Amerodectes protonotaria
17,1,PROW9,PROW,Amerodectes protonotaria
17,1,PROW9,PROW,Amerodectes protonotaria
17,1,PROW9,PROW,Amerodectes protonotaria
17,1,PROW9,PROW,Amerodectes protonotaria
17,1,PROW9,PROW,Amerodectes protonotaria
17,1,PROW9,PROW,Amerodectes protonotaria
17,1,PROW9,PROW,Amerodectes protonotaria
17,1,PROW9,PROW,Amerodectes protonotaria
17,1,PROW9,PROW,Amerodectes protonotaria
17,1,PROW9,PROW,Amerodectes protonotaria
17,1,PROW9,PROW,Amerodectes protonotaria
17,1,PROW9,PROW,Amerodectes protonotaria
17,1,PROW9,PROW,Amerodectes protonotaria
17,1,PROW9,PROW,Amerodectes protonotaria
17,1,PROW9,PROW,Amerodectes protonotaria
17,1,PROW9,PROW,Amerodectes protonotaria
17,1,PROW9,PROW,Amerodectes protonotaria
17,1,PROW9,PROW,Amerodectes protonotaria
17,1,PROW9,PROW,Amerodectes protonotaria
17,1,PROW9,PROW,Amerodectes protonotaria
17,1,PROW9,PROW,Amerodectes protonotaria
17,1,PROW9,PROW,Amerodectes protonotaria
17,1,PROW9,PROW,Amerodectes protonotaria
17,1,PROW9,PROW,Amerodectes protonotaria
17,1,PROW9,PROW,Amerodectes protonotaria
17,1,PROW9,PROW,Amerodectes protonotaria
17,1,PROW9,PROW,Amerodectes protonotaria
17,1,PROW9,PROW,Amerodectes protonotaria
17,1,PROW9,PROW,Amerodectes protonotaria
17,1,PROW9,PROW,Amerodectes protonotaria
17,1,PROW9,PROW,Amerodectes protonotaria
17,1,PROW9,PROW,Amerodectes protonotaria
17,1,PROW9,PROW,Amerodectes protonotaria
17,1,PROW9,PROW,Amerodectes protonotaria
17,1,PROW9,PROW,Amerodectes protonotaria
17,1,PROW9,PROW,Amerodectes protonotaria
17,1,PROW9,PROW,Amerodectes protonotaria
17,1,PROW9,PROW,Amerodectes protonotaria
17,1,PROW9,PROW,Amerodectes protonotaria
17,1,PROW9,PROW,Amerodectes protonotaria
17,1,PROW9,PROW,Amerodectes protonotaria
17,1,PROW9,PROW,Amerodectes protonotaria
17,1,PROW9,PROW,Amerodectes protonotaria
17,1,PROW9,PROW,Amerodectes protonotaria
17,1,PROW9,PROW,Amerodectes protonotaria
17,1,PROW9,PROW,Amerodectes protonotaria
17,1,PROW9,PROW,Amerodectes protonotaria
17,1,PROW9,PROW,Amerodectes protonotaria
17,1,PROW9,PROW,Amerodectes protonotaria
17,1,PROW9,PROW,Amerodectes protonotaria
17,1,PROW9,PROW,Amerodectes protonotaria
17,1,PROW9,PROW,Amerodectes protonotaria
17,1,PROW9,PROW,Amerodectes protonotaria
17,1,PROW9,PROW,Amerodectes protonotaria
17,1,PROW9,PROW,Amerodectes protonotaria
17,1,PROW9,PROW,Amerodectes protonotaria
17,1,PROW9,PROW,Amerodectes protonotaria
17,1,PROW9,PROW,Amerodectes protonotaria
17,1,PROW9,PROW,Amerodectes protonotaria
17,1,PROW9,PROW,Amerodectes protonotaria
17,1,PROW9,PROW,Amerodectes protonotaria
1,1,PROW10,PROW,Amerodectes protonotaria
2,1,PROW10,PROW,Amerodectes protonotaria
3,1,PROW10,PROW,Amerodectes protonotaria
5,1,PROW10,PROW,Amerodectes protonotaria
5,1,PROW10,PROW,Amerodectes protonotaria
5,1,PROW10,PROW,Amerodectes protonotaria
5,1,PROW10,PROW,Amerodectes protonotaria
5,1,PROW10,PROW,Amerodectes protonotaria
8,1,PROW10,PROW,Proctophyllodes quadratus
8,1,PROW10,PROW,Proctophyllodes quadratus
8,1,PROW10,PROW,Proctophyllodes quadratus
8,1,PROW10,PROW,Proctophyllodes quadratus
15,1,CERW1,CERW,Amerodectes ischyros
15,1,CERW1,CERW,Amerodectes ischyros
15,1,CERW1,CERW,Amerodectes ischyros
15,1,CERW1,CERW,Amerodectes ischyros
15,1,CERW1,CERW,Amerodectes ischyros
15,1,CERW1,CERW,Amerodectes ischyros
15,1,CERW1,CERW,Amerodectes ischyros
15,1,CERW1,CERW,Amerodectes ischyros
15,1,CERW1,CERW,Amerodectes ischyros
15,1,CERW1,CERW,Amerodectes ischyros
15,1,CERW1,CERW,Amerodectes ischyros
15,1,CERW1,CERW,Amerodectes ischyros
15,1,CERW1,CERW,Amerodectes ischyros
15,1,CERW1,CERW,Amerodectes ischyros
15,1,CERW1,CERW,Amerodectes ischyros
15,1,CERW1,CERW,Amerodectes ischyros
15,1,CERW1,CERW,Amerodectes ischyros
15,1,CERW1,CERW,Amerodectes ischyros
15,1,CERW1,CERW,Amerodectes ischyros
15,1,CERW1,CERW,Amerodectes ischyros
15,1,CERW1,CERW,Amerodectes ischyros
15,1,CERW1,CERW,Amerodectes ischyros
15,1,CERW1,CERW,Amerodectes ischyros
15,1,CERW1,CERW,Amerodectes ischyros
15,1,CERW1,CERW,Amerodectes ischyros
15,1,CERW1,CERW,Amerodectes ischyros
15,1,CERW1,CERW,Amerodectes ischyros
15,1,CERW1,CERW,Amerodectes ischyros
15,1,CERW1,CERW,Amerodectes ischyros
15,1,CERW1,CERW,Amerodectes ischyros
15,1,CERW1,CERW,Amerodectes ischyros
15,1,CERW1,CERW,Amerodectes ischyros
15,1,CERW1,CERW,Amerodectes ischyros
15,1,CERW1,CERW,Amerodectes ischyros
15,1,CERW1,CERW,Amerodectes ischyros
15,1,CERW1,CERW,Amerodectes ischyros
15,1,CERW1,CERW,Amerodectes ischyros
15,1,CERW1,CERW,Amerodectes ischyros
15,1,CERW1,CERW,Amerodectes ischyros
15,1,CERW1,CERW,Amerodectes ischyros
15,1,CERW1,CERW,Amerodectes ischyros
15,1,CERW1,CERW,Amerodectes ischyros
15,1,CERW1,CERW,Amerodectes ischyros
15,1,CERW1,CERW,Amerodectes ischyros
15,1,CERW1,CERW,Amerodectes ischyros
15,1,CERW1,CERW,Amerodectes ischyros
15,1,CERW1,CERW,Amerodectes ischyros
15,1,CERW1,CERW,Amerodectes ischyros
15,1,CERW1,CERW,Amerodectes ischyros
15,1,CERW1,CERW,Amerodectes ischyros
15,1,CERW1,CERW,Amerodectes ischyros
15,1,CERW1,CERW,Amerodectes ischyros
15,1,CERW1,CERW,Amerodectes ischyros
15,1,CERW1,CERW,Amerodectes ischyros
15,1,CERW1,CERW,Amerodectes ischyros
15,1,CERW1,CERW,Amerodectes ischyros
15,1,CERW1,CERW,Amerodectes ischyros
15,1,CERW1,CERW,Amerodectes ischyros
15,1,CERW1,CERW,Amerodectes ischyros
15,1,CERW1,CERW,Amerodectes ischyros
15,1,CERW1,CERW,Amerodectes ischyros
15,1,CERW1,CERW,Amerodectes ischyros
15,1,CERW1,CERW,Amerodectes ischyros
15,1,CERW1,CERW,Amerodectes ischyros
15,1,CERW1,CERW,Amerodectes ischyros
15,1,CERW1,CERW,Amerodectes ischyros
15,1,CERW1,CERW,Amerodectes ischyros
15,1,CERW1,CERW,Amerodectes ischyros
15,1,CERW1,CERW,Amerodectes ischyros
15,1,CERW1,CERW,Amerodectes ischyros
15,1,CERW1,CERW,Amerodectes ischyros
15,1,CERW1,CERW,Amerodectes ischyros
15,1,CERW1,CERW,Amerodectes ischyros
15,1,CERW1,CERW,Amerodectes ischyros
15,1,CERW1,CERW,Amerodectes ischyros
15,1,CERW1,CERW,Amerodectes ischyros
15,1,CERW1,CERW,Amerodectes ischyros
15,1,CERW1,CERW,Amerodectes ischyros
15,1,CERW1,CERW,Amerodectes ischyros
15,1,CERW1,CERW,Amerodectes ischyros
15,1,CERW1,CERW,Amerodectes ischyros
15,1,CERW1,CERW,Amerodectes ischyros
15,1,CERW1,CERW,Amerodectes ischyros
15,1,CERW1,CERW,Amerodectes ischyros
15,1,CERW1,CERW,Amerodectes ischyros
15,1,CERW1,CERW,Amerodectes ischyros
15,1,CERW1,CERW,Amerodectes ischyros
15,1,CERW1,CERW,Amerodectes ischyros
15,1,CERW1,CERW,Amerodectes ischyros
15,1,CERW1,CERW,Amerodectes ischyros
4,1,CERW2,CERW,Amerodectes ischyros
16,1,CERW2,CERW,Amerodectes ischyros
16,1,CERW2,CERW,Amerodectes ischyros
16,1,CERW2,CERW,Amerodectes ischyros
16,1,CERW2,CERW,Amerodectes ischyros
16,1,CERW2,CERW,Amerodectes ischyros
16,1,CERW2,CERW,Amerodectes ischyros
16,1,CERW2,CERW,Amerodectes ischyros
16,1,CERW2,CERW,Amerodectes ischyros
16,1,CERW2,CERW,Amerodectes ischyros
16,1,CERW2,CERW,Amerodectes ischyros
16,1,CERW2,CERW,Amerodectes ischyros
16,1,CERW2,CERW,Amerodectes ischyros
16,1,CERW2,CERW,Amerodectes ischyros
16,1,CERW2,CERW,Amerodectes ischyros
16,1,CERW2,CERW,Amerodectes ischyros
16,1,CERW2,CERW,Amerodectes ischyros
16,1,CERW2,CERW,Amerodectes ischyros
16,1,CERW2,CERW,Amerodectes ischyros
16,1,CERW2,CERW,Amerodectes ischyros
16,1,CERW2,CERW,Amerodectes ischyros
16,1,CERW2,CERW,Amerodectes ischyros
16,1,CERW2,CERW,Amerodectes ischyros
16,1,CERW2,CERW,Amerodectes ischyros
16,1,CERW2,CERW,Amerodectes ischyros
16,1,CERW2,CERW,Amerodectes ischyros
16,1,CERW2,CERW,Amerodectes ischyros
16,1,CERW2,CERW,Amerodectes ischyros
16,1,CERW2,CERW,Amerodectes ischyros
16,1,CERW2,CERW,Amerodectes ischyros
16,1,CERW2,CERW,Amerodectes ischyros
16,1,CERW2,CERW,Amerodectes ischyros
16,1,CERW2,CERW,Amerodectes ischyros
16,1,CERW2,CERW,Amerodectes ischyros
16,1,CERW2,CERW,Amerodectes ischyros
16,1,CERW2,CERW,Amerodectes ischyros
16,1,CERW2,CERW,Amerodectes ischyros
16,1,CERW2,CERW,Amerodectes ischyros
16,1,CERW2,CERW,Amerodectes ischyros
16,1,CERW2,CERW,Amerodectes ischyros
16,1,CERW2,CERW,Amerodectes ischyros
16,1,CERW2,CERW,Amerodectes ischyros
16,1,CERW2,CERW,Amerodectes ischyros
16,1,CERW2,CERW,Amerodectes ischyros
16,1,CERW2,CERW,Amerodectes ischyros
16,1,CERW2,CERW,Amerodectes ischyros
16,1,CERW2,CERW,Amerodectes ischyros
16,1,CERW2,CERW,Amerodectes ischyros
16,1,CERW2,CERW,Amerodectes ischyros
16,1,CERW2,CERW,Amerodectes ischyros
16,1,CERW2,CERW,Amerodectes ischyros
16,1,CERW2,CERW,Amerodectes ischyros
16,1,CERW2,CERW,Amerodectes ischyros
16,1,CERW2,CERW,Amerodectes ischyros
16,1,CERW2,CERW,Amerodectes ischyros
16,1,CERW2,CERW,Amerodectes ischyros
16,1,CERW2,CERW,Amerodectes ischyros
16,1,CERW2,CERW,Amerodectes ischyros
16,1,CERW2,CERW,Amerodectes ischyros
16,1,CERW2,CERW,Amerodectes ischyros
16,1,CERW2,CERW,Amerodectes ischyros
16,1,CERW2,CERW,Amerodectes ischyros
16,1,CERW2,CERW,Amerodectes ischyros
16,1,CERW2,CERW,Amerodectes ischyros
16,1,CERW2,CERW,Amerodectes ischyros
16,1,CERW2,CERW,Amerodectes ischyros
16,1,CERW2,CERW,Amerodectes ischyros
16,1,CERW2,CERW,Amerodectes ischyros
16,1,CERW2,CERW,Amerodectes ischyros
16,1,CERW2,CERW,Amerodectes ischyros
16,1,CERW2,CERW,Amerodectes ischyros
16,1,CERW2,CERW,Amerodectes ischyros
16,1,CERW2,CERW,Amerodectes ischyros
16,1,CERW2,CERW,Amerodectes ischyros
16,1,CERW2,CERW,Amerodectes ischyros
16,1,CERW2,CERW,Amerodectes ischyros
16,1,CERW2,CERW,Amerodectes ischyros
16,1,CERW2,CERW,Amerodectes ischyros
16,1,CERW2,CERW,Amerodectes ischyros
16,1,CERW2,CERW,Amerodectes ischyros
16,1,CERW2,CERW,Amerodectes ischyros
16,1,CERW2,CERW,Amerodectes ischyros
16,1,CERW2,CERW,Amerodectes ischyros
16,1,CERW2,CERW,Amerodectes ischyros
16,1,CERW2,CERW,Amerodectes ischyros
16,1,CERW2,CERW,Amerodectes ischyros
16,1,CERW2,CERW,Amerodectes ischyros
16,1,CERW2,CERW,Amerodectes ischyros
16,1,CERW2,CERW,Amerodectes ischyros
16,1,CERW2,CERW,Amerodectes ischyros
16,1,CERW2,CERW,Amerodectes ischyros
16,1,CERW2,CERW,Amerodectes ischyros
16,1,CERW2,CERW,Amerodectes ischyros
16,1,CERW2,CERW,Amerodectes ischyros
16,1,CERW2,CERW,Amerodectes ischyros
16,1,CERW2,CERW,Amerodectes ischyros
16,1,CERW2,CERW,Amerodectes ischyros
16,1,CERW2,CERW,Amerodectes ischyros
16,1,CERW2,CERW,Amerodectes ischyros
16,1,CERW2,CERW,Amerodectes ischyros
16,1,CERW2,CERW,Amerodectes ischyros
16,1,CERW2,CERW,Amerodectes ischyros
16,1,CERW2,CERW,Amerodectes ischyros
16,1,CERW2,CERW,Amerodectes ischyros
16,1,CERW2,CERW,Amerodectes ischyros
16,1,CERW2,CERW,Amerodectes ischyros
16,1,CERW2,CERW,Amerodectes ischyros
16,1,CERW2,CERW,Amerodectes ischyros
16,1,CERW2,CERW,Amerodectes ischyros
16,1,CERW2,CERW,Amerodectes ischyros
16,1,CERW2,CERW,Amerodectes ischyros
16,1,CERW2,CERW,Amerodectes ischyros
16,1,CERW2,CERW,Amerodectes ischyros
16,1,CERW2,CERW,Amerodectes ischyros
16,1,CERW2,CERW,Amerodectes ischyros
16,1,CERW2,CERW,Amerodectes ischyros
16,1,CERW2,CERW,Amerodectes ischyros
16,1,CERW2,CERW,Amerodectes ischyros
16,1,CERW2,CERW,Amerodectes ischyros
16,1,CERW2,CERW,Amerodectes ischyros
16,1,CERW2,CERW,Amerodectes ischyros
16,1,CERW2,CERW,Amerodectes ischyros
16,1,CERW2,CERW,Amerodectes ischyros
16,1,CERW2,CERW,Amerodectes ischyros
16,1,CERW2,CERW,Amerodectes ischyros
16,1,CERW2,CERW,Amerodectes ischyros
16,1,CERW2,CERW,Amerodectes ischyros
16,1,CERW2,CERW,Amerodectes ischyros
16,1,CERW2,CERW,Amerodectes ischyros
16,1,CERW2,CERW,Amerodectes ischyros
16,1,CERW2,CERW,Amerodectes ischyros
16,1,CERW2,CERW,Amerodectes ischyros
16,1,CERW2,CERW,Amerodectes ischyros
16,1,CERW2,CERW,Amerodectes ischyros
16,1,CERW2,CERW,Amerodectes ischyros
16,1,CERW2,CERW,Amerodectes ischyros
16,1,CERW2,CERW,Amerodectes ischyros
16,1,CERW2,CERW,Amerodectes ischyros
16,1,CERW2,CERW,Amerodectes ischyros
16,1,CERW2,CERW,Amerodectes ischyros
16,1,CERW2,CERW,Amerodectes ischyros
16,1,CERW2,CERW,Amerodectes ischyros
16,1,CERW2,CERW,Amerodectes ischyros
16,1,CERW2,CERW,Amerodectes ischyros
16,1,CERW2,CERW,Amerodectes ischyros
16,1,CERW2,CERW,Amerodectes ischyros
16,1,CERW2,CERW,Amerodectes ischyros
16,1,CERW2,CERW,Amerodectes ischyros
16,1,CERW2,CERW,Amerodectes ischyros
16,1,CERW2,CERW,Amerodectes ischyros
16,1,CERW2,CERW,Amerodectes ischyros
16,1,CERW2,CERW,Amerodectes ischyros
16,1,CERW2,CERW,Amerodectes ischyros
16,1,CERW2,CERW,Amerodectes ischyros
16,1,CERW2,CERW,Amerodectes ischyros
16,1,CERW2,CERW,Amerodectes ischyros
16,1,CERW2,CERW,Amerodectes ischyros
16,1,CERW2,CERW,Amerodectes ischyros
16,1,CERW2,CERW,Amerodectes ischyros
16,1,CERW2,CERW,Amerodectes ischyros
16,1,CERW2,CERW,Amerodectes ischyros
16,1,CERW2,CERW,Amerodectes ischyros
16,1,CERW2,CERW,Amerodectes ischyros
16,1,CERW2,CERW,Amerodectes ischyros
16,1,CERW2,CERW,Amerodectes ischyros
16,1,CERW2,CERW,Amerodectes ischyros
16,1,CERW2,CERW,Amerodectes ischyros
16,1,CERW2,CERW,Amerodectes ischyros
16,1,CERW2,CERW,Amerodectes ischyros
16,1,CERW2,CERW,Amerodectes ischyros
16,1,CERW2,CERW,Amerodectes ischyros
16,1,CERW2,CERW,Amerodectes ischyros
16,1,CERW2,CERW,Amerodectes ischyros
16,1,CERW2,CERW,Amerodectes ischyros
16,1,CERW2,CERW,Amerodectes ischyros
16,1,CERW2,CERW,Amerodectes ischyros
16,1,CERW2,CERW,Amerodectes ischyros
16,1,CERW2,CERW,Amerodectes ischyros
16,1,CERW2,CERW,Amerodectes ischyros
16,1,CERW2,CERW,Amerodectes ischyros
16,1,CERW2,CERW,Amerodectes ischyros
16,1,CERW2,CERW,Amerodectes ischyros
16,1,CERW2,CERW,Amerodectes ischyros
16,1,CERW2,CERW,Amerodectes ischyros
16,1,CERW2,CERW,Amerodectes ischyros
16,1,CERW2,CERW,Amerodectes ischyros
16,1,CERW2,CERW,Amerodectes ischyros
16,1,CERW2,CERW,Amerodectes ischyros
16,1,CERW2,CERW,Amerodectes ischyros
16,1,CERW2,CERW,Amerodectes ischyros
16,1,CERW2,CERW,Amerodectes ischyros
16,1,CERW2,CERW,Amerodectes ischyros
16,1,CERW2,CERW,Amerodectes ischyros
16,1,CERW2,CERW,Amerodectes ischyros
16,1,CERW2,CERW,Amerodectes ischyros
16,1,CERW2,CERW,Amerodectes ischyros
16,1,CERW2,CERW,Amerodectes ischyros
16,1,CERW2,CERW,Amerodectes ischyros
16,1,CERW2,CERW,Amerodectes ischyros
16,1,CERW2,CERW,Amerodectes ischyros
16,1,CERW2,CERW,Amerodectes ischyros
16,1,CERW2,CERW,Amerodectes ischyros
16,1,CERW2,CERW,Amerodectes ischyros
16,1,CERW2,CERW,Amerodectes ischyros
16,1,CERW2,CERW,Amerodectes ischyros
16,1,CERW2,CERW,Amerodectes ischyros
16,1,CERW2,CERW,Amerodectes ischyros
16,1,CERW2,CERW,Amerodectes ischyros
16,1,CERW2,CERW,Amerodectes ischyros
16,1,CERW2,CERW,Amerodectes ischyros
16,1,CERW2,CERW,Amerodectes ischyros
16,1,CERW2,CERW,Amerodectes ischyros
16,1,CERW2,CERW,Amerodectes ischyros
16,1,CERW2,CERW,Amerodectes ischyros
16,1,CERW2,CERW,Amerodectes ischyros
16,1,CERW2,CERW,Amerodectes ischyros
16,1,CERW2,CERW,Amerodectes ischyros
16,1,CERW2,CERW,Amerodectes ischyros
16,1,CERW2,CERW,Amerodectes ischyros
16,1,CERW2,CERW,Amerodectes ischyros
16,1,CERW2,CERW,Amerodectes ischyros
16,1,CERW2,CERW,Amerodectes ischyros
16,1,CERW2,CERW,Amerodectes ischyros
16,1,CERW2,CERW,Amerodectes ischyros
16,1,CERW2,CERW,Amerodectes ischyros
3,1,CERW2,CERW,Proctophyllodes quadratus
3,1,CERW2,CERW,Proctophyllodes quadratus
9,1,CERW2,CERW,Proctophyllodes quadratus
9,1,CERW2,CERW,Proctophyllodes quadratus
9,1,CERW2,CERW,Proctophyllodes quadratus
9,1,CERW2,CERW,Proctophyllodes quadratus
9,1,CERW2,CERW,Proctophyllodes quadratus
9,1,PROW11,PROW,Amerodectes protonotaria
9,1,PROW11,PROW,Amerodectes protonotaria
9,1,PROW11,PROW,Amerodectes protonotaria
9,1,PROW11,PROW,Amerodectes protonotaria
9,1,PROW11,PROW,Amerodectes protonotaria
9,1,PROW11,PROW,Amerodectes protonotaria
9,1,PROW11,PROW,Amerodectes protonotaria
9,1,PROW11,PROW,Amerodectes protonotaria
9,1,PROW11,PROW,Amerodectes protonotaria
9,1,PROW11,PROW,Amerodectes protonotaria
9,1,PROW11,PROW,Amerodectes protonotaria
9,1,PROW11,PROW,Amerodectes protonotaria
9,1,PROW11,PROW,Amerodectes protonotaria
9,1,PROW11,PROW,Amerodectes protonotaria
9,1,PROW11,PROW,Amerodectes protonotaria
9,1,PROW11,PROW,Amerodectes protonotaria
9,1,PROW11,PROW,Amerodectes protonotaria
9,1,PROW11,PROW,Amerodectes protonotaria
9,1,PROW11,PROW,Amerodectes protonotaria
9,1,PROW11,PROW,Amerodectes protonotaria
9,1,PROW11,PROW,Amerodectes protonotaria
9,1,PROW11,PROW,Amerodectes protonotaria
9,1,PROW11,PROW,Amerodectes protonotaria
9,1,PROW11,PROW,Amerodectes protonotaria
9,1,PROW11,PROW,Amerodectes protonotaria
9,1,PROW11,PROW,Amerodectes protonotaria
9,1,PROW11,PROW,Amerodectes protonotaria
9,1,PROW11,PROW,Amerodectes protonotaria
9,1,PROW11,PROW,Amerodectes protonotaria
9,1,PROW11,PROW,Amerodectes protonotaria
9,1,PROW11,PROW,Amerodectes protonotaria
9,1,PROW11,PROW,Amerodectes protonotaria
9,1,PROW11,PROW,Amerodectes protonotaria
9,1,PROW11,PROW,Amerodectes protonotaria
9,1,PROW11,PROW,Amerodectes protonotaria
9,1,PROW11,PROW,Amerodectes protonotaria
9,1,PROW11,PROW,Amerodectes protonotaria
9,1,PROW11,PROW,Amerodectes protonotaria
9,1,PROW11,PROW,Amerodectes protonotaria
9,1,PROW11,PROW,Amerodectes protonotaria
9,1,PROW11,PROW,Amerodectes protonotaria
9,1,PROW11,PROW,Amerodectes protonotaria
9,1,PROW11,PROW,Amerodectes protonotaria
9,1,PROW11,PROW,Amerodectes protonotaria
9,1,PROW11,PROW,Amerodectes protonotaria
9,1,PROW11,PROW,Amerodectes protonotaria
9,1,PROW11,PROW,Amerodectes protonotaria
9,1,PROW11,PROW,Amerodectes protonotaria
9,1,PROW11,PROW,Amerodectes protonotaria
9,1,PROW11,PROW,Amerodectes protonotaria
9,1,PROW11,PROW,Amerodectes protonotaria
9,1,PROW11,PROW,Amerodectes protonotaria
9,1,PROW11,PROW,Amerodectes protonotaria
9,1,PROW11,PROW,Amerodectes protonotaria
9,1,PROW11,PROW,Amerodectes protonotaria
9,1,PROW11,PROW,Amerodectes protonotaria
9,1,PROW11,PROW,Amerodectes protonotaria
9,1,PROW11,PROW,Amerodectes protonotaria
9,1,PROW11,PROW,Amerodectes protonotaria
9,1,PROW11,PROW,Amerodectes protonotaria
9,1,PROW11,PROW,Amerodectes protonotaria
9,1,PROW11,PROW,Amerodectes protonotaria
9,1,PROW11,PROW,Amerodectes protonotaria
9,1,PROW11,PROW,Amerodectes protonotaria
9,1,PROW11,PROW,Amerodectes protonotaria
9,1,PROW11,PROW,Amerodectes protonotaria
9,1,PROW11,PROW,Amerodectes protonotaria
9,1,PROW11,PROW,Amerodectes protonotaria
9,1,PROW11,PROW,Amerodectes protonotaria
9,1,PROW11,PROW,Amerodectes protonotaria
9,1,PROW11,PROW,Amerodectes protonotaria
9,1,PROW11,PROW,Amerodectes protonotaria
9,1,PROW11,PROW,Amerodectes protonotaria
9,1,PROW11,PROW,Amerodectes protonotaria
9,1,PROW11,PROW,Amerodectes protonotaria
9,1,PROW11,PROW,Amerodectes protonotaria
9,1,PROW11,PROW,Amerodectes protonotaria
9,1,PROW11,PROW,Amerodectes protonotaria
9,1,PROW11,PROW,Amerodectes protonotaria
9,1,PROW11,PROW,Amerodectes protonotaria
9,1,PROW11,PROW,Amerodectes protonotaria
9,1,PROW11,PROW,Amerodectes protonotaria
9,1,PROW11,PROW,Amerodectes protonotaria
9,1,PROW11,PROW,Amerodectes protonotaria
9,1,PROW11,PROW,Amerodectes protonotaria
9,1,PROW11,PROW,Amerodectes protonotaria
9,1,PROW11,PROW,Amerodectes protonotaria
9,1,PROW11,PROW,Amerodectes protonotaria
9,1,PROW11,PROW,Amerodectes protonotaria
9,1,PROW11,PROW,Amerodectes protonotaria
9,1,PROW11,PROW,Amerodectes protonotaria
9,1,PROW11,PROW,Amerodectes protonotaria
9,1,PROW11,PROW,Amerodectes protonotaria
9,1,PROW11,PROW,Amerodectes protonotaria
9,1,PROW11,PROW,Amerodectes protonotaria
9,1,PROW11,PROW,Amerodectes protonotaria
9,1,PROW11,PROW,Amerodectes protonotaria
9,1,PROW11,PROW,Amerodectes protonotaria
9,1,PROW11,PROW,Amerodectes protonotaria
9,1,PROW11,PROW,Amerodectes protonotaria
9,1,PROW11,PROW,Amerodectes protonotaria
9,1,PROW11,PROW,Amerodectes protonotaria
9,1,PROW11,PROW,Amerodectes protonotaria
9,1,PROW11,PROW,Amerodectes protonotaria
9,1,PROW11,PROW,Amerodectes protonotaria
9,1,PROW11,PROW,Amerodectes protonotaria
9,1,PROW11,PROW,Amerodectes protonotaria
9,1,PROW11,PROW,Amerodectes protonotaria
9,1,PROW11,PROW,Amerodectes protonotaria
9,1,PROW11,PROW,Amerodectes protonotaria
9,1,PROW11,PROW,Amerodectes protonotaria
9,1,PROW11,PROW,Amerodectes protonotaria
9,1,PROW11,PROW,Amerodectes protonotaria
9,1,PROW11,PROW,Amerodectes protonotaria
9,1,PROW11,PROW,Amerodectes protonotaria
9,1,PROW11,PROW,Amerodectes protonotaria
9,1,PROW11,PROW,Amerodectes protonotaria
9,1,PROW11,PROW,Amerodectes protonotaria
9,1,PROW11,PROW,Amerodectes protonotaria
9,1,PROW11,PROW,Amerodectes protonotaria
9,1,PROW11,PROW,Amerodectes protonotaria
9,1,PROW11,PROW,Amerodectes protonotaria
9,1,PROW11,PROW,Amerodectes protonotaria
9,1,PROW11,PROW,Amerodectes protonotaria
9,1,PROW11,PROW,Amerodectes protonotaria
9,1,PROW11,PROW,Amerodectes protonotaria
9,1,PROW11,PROW,Amerodectes protonotaria
9,1,PROW11,PROW,Amerodectes protonotaria
9,1,PROW11,PROW,Amerodectes protonotaria
9,1,PROW11,PROW,Amerodectes protonotaria
9,1,PROW11,PROW,Amerodectes protonotaria
9,1,PROW11,PROW,Amerodectes protonotaria
9,1,PROW11,PROW,Amerodectes protonotaria
9,1,PROW11,PROW,Amerodectes protonotaria
9,1,PROW11,PROW,Amerodectes protonotaria
9,1,PROW11,PROW,Amerodectes protonotaria
9,1,PROW11,PROW,Amerodectes protonotaria
9,1,PROW11,PROW,Amerodectes protonotaria
9,1,PROW11,PROW,Amerodectes protonotaria
9,1,PROW11,PROW,Amerodectes protonotaria
9,1,PROW11,PROW,Amerodectes protonotaria
9,1,PROW11,PROW,Amerodectes protonotaria
9,1,PROW11,PROW,Amerodectes protonotaria
3,1,PROW11,PROW,Proctophyllodes quadratus
3,1,PROW11,PROW,Proctophyllodes quadratus
3,1,CERW3,CERW,Amerodectes ischyros
7,1,CERW3,CERW,Amerodectes ischyros
12,1,CERW3,CERW,Amerodectes ischyros
12,1,CERW3,CERW,Amerodectes ischyros
12,1,CERW3,CERW,Amerodectes ischyros
12,1,CERW3,CERW,Amerodectes ischyros
12,1,CERW3,CERW,Amerodectes ischyros
12,1,CERW3,CERW,Amerodectes ischyros
12,1,CERW3,CERW,Amerodectes ischyros
12,1,CERW3,CERW,Amerodectes ischyros
12,1,CERW3,CERW,Amerodectes ischyros
12,1,CERW3,CERW,Amerodectes ischyros
12,1,CERW3,CERW,Amerodectes ischyros
12,1,CERW3,CERW,Amerodectes ischyros
12,1,CERW3,CERW,Amerodectes ischyros
12,1,CERW3,CERW,Amerodectes ischyros
12,1,CERW3,CERW,Amerodectes ischyros
12,1,CERW3,CERW,Amerodectes ischyros
12,1,CERW3,CERW,Amerodectes ischyros
12,1,CERW3,CERW,Amerodectes ischyros
12,1,CERW3,CERW,Amerodectes ischyros
12,1,CERW3,CERW,Amerodectes ischyros
12,1,CERW3,CERW,Amerodectes ischyros
12,1,CERW3,CERW,Amerodectes ischyros
12,1,CERW3,CERW,Amerodectes ischyros
12,1,CERW3,CERW,Amerodectes ischyros
12,1,CERW3,CERW,Amerodectes ischyros
12,1,CERW3,CERW,Amerodectes ischyros
12,1,CERW3,CERW,Amerodectes ischyros
12,1,CERW3,CERW,Amerodectes ischyros
12,1,CERW3,CERW,Amerodectes ischyros
12,1,CERW3,CERW,Amerodectes ischyros
12,1,CERW3,CERW,Amerodectes ischyros
12,1,CERW3,CERW,Amerodectes ischyros
12,1,CERW3,CERW,Amerodectes ischyros
12,1,CERW3,CERW,Amerodectes ischyros
12,1,CERW3,CERW,Amerodectes ischyros
12,1,CERW3,CERW,Amerodectes ischyros
12,1,CERW3,CERW,Amerodectes ischyros
12,1,CERW3,CERW,Amerodectes ischyros
12,1,CERW3,CERW,Amerodectes ischyros
12,1,CERW3,CERW,Amerodectes ischyros
12,1,CERW3,CERW,Amerodectes ischyros
12,1,CERW3,CERW,Amerodectes ischyros
12,1,CERW3,CERW,Amerodectes ischyros
12,1,CERW3,CERW,Amerodectes ischyros
12,1,CERW3,CERW,Amerodectes ischyros
12,1,CERW3,CERW,Amerodectes ischyros
12,1,CERW3,CERW,Amerodectes ischyros
12,1,CERW3,CERW,Amerodectes ischyros
12,1,CERW3,CERW,Amerodectes ischyros
12,1,CERW3,CERW,Amerodectes ischyros
12,1,CERW3,CERW,Amerodectes ischyros
12,1,CERW3,CERW,Amerodectes ischyros
12,1,CERW3,CERW,Amerodectes ischyros
12,1,CERW3,CERW,Amerodectes ischyros
12,1,CERW3,CERW,Amerodectes ischyros
12,1,CERW3,CERW,Amerodectes ischyros
12,1,CERW3,CERW,Amerodectes ischyros
12,1,CERW3,CERW,Amerodectes ischyros
12,1,CERW3,CERW,Amerodectes ischyros
12,1,CERW3,CERW,Amerodectes ischyros
12,1,CERW3,CERW,Amerodectes ischyros
12,1,CERW3,CERW,Amerodectes ischyros
12,1,CERW3,CERW,Amerodectes ischyros
12,1,CERW3,CERW,Amerodectes ischyros
12,1,CERW3,CERW,Amerodectes ischyros
12,1,CERW3,CERW,Amerodectes ischyros
12,1,CERW3,CERW,Amerodectes ischyros
12,1,CERW3,CERW,Amerodectes ischyros
12,1,CERW3,CERW,Amerodectes ischyros
12,1,CERW3,CERW,Amerodectes ischyros
12,1,CERW3,CERW,Amerodectes ischyros
12,1,CERW3,CERW,Amerodectes ischyros
12,1,CERW3,CERW,Amerodectes ischyros
12,1,CERW3,CERW,Amerodectes ischyros
12,1,CERW3,CERW,Amerodectes ischyros
12,1,CERW3,CERW,Amerodectes ischyros
12,1,CERW3,CERW,Amerodectes ischyros
12,1,CERW3,CERW,Amerodectes ischyros
12,1,CERW3,CERW,Amerodectes ischyros
12,1,CERW3,CERW,Amerodectes ischyros
12,1,CERW3,CERW,Amerodectes ischyros
12,1,CERW3,CERW,Amerodectes ischyros
12,1,CERW3,CERW,Amerodectes ischyros
12,1,CERW3,CERW,Amerodectes ischyros
12,1,CERW3,CERW,Amerodectes ischyros
12,1,CERW3,CERW,Amerodectes ischyros
12,1,CERW3,CERW,Amerodectes ischyros
12,1,CERW3,CERW,Amerodectes ischyros
12,1,CERW3,CERW,Amerodectes ischyros
12,1,CERW3,CERW,Amerodectes ischyros
12,1,CERW3,CERW,Amerodectes ischyros
12,1,CERW3,CERW,Amerodectes ischyros
12,1,CERW3,CERW,Amerodectes ischyros
12,1,CERW3,CERW,Amerodectes ischyros
12,1,CERW3,CERW,Amerodectes ischyros
12,1,CERW3,CERW,Amerodectes ischyros
12,1,CERW3,CERW,Amerodectes ischyros
12,1,CERW3,CERW,Amerodectes ischyros
10,1,CERW4,CERW,Amerodectes ischyros
11,1,CERW4,CERW,Amerodectes ischyros
11,1,CERW4,CERW,Amerodectes ischyros
11,1,CERW4,CERW,Amerodectes ischyros
11,1,CERW4,CERW,Amerodectes ischyros
11,1,CERW4,CERW,Amerodectes ischyros
11,1,CERW4,CERW,Amerodectes ischyros
11,1,CERW4,CERW,Amerodectes ischyros
11,1,CERW4,CERW,Amerodectes ischyros
11,1,CERW4,CERW,Amerodectes ischyros
11,1,CERW4,CERW,Amerodectes ischyros
11,1,CERW4,CERW,Amerodectes ischyros
11,1,CERW4,CERW,Amerodectes ischyros
11,1,CERW4,CERW,Amerodectes ischyros
11,1,CERW4,CERW,Amerodectes ischyros
11,1,CERW4,CERW,Amerodectes ischyros
11,1,CERW4,CERW,Amerodectes ischyros
11,1,CERW4,CERW,Amerodectes ischyros
11,1,CERW4,CERW,Amerodectes ischyros
11,1,CERW4,CERW,Amerodectes ischyros
11,1,CERW4,CERW,Amerodectes ischyros
11,1,CERW4,CERW,Amerodectes ischyros
11,1,CERW4,CERW,Amerodectes ischyros
11,1,CERW4,CERW,Amerodectes ischyros
11,1,CERW4,CERW,Amerodectes ischyros
11,1,CERW4,CERW,Amerodectes ischyros
11,1,CERW4,CERW,Amerodectes ischyros
11,1,CERW4,CERW,Amerodectes ischyros
11,1,CERW4,CERW,Amerodectes ischyros
11,1,CERW4,CERW,Amerodectes ischyros
11,1,CERW4,CERW,Amerodectes ischyros
11,1,CERW4,CERW,Amerodectes ischyros
11,1,CERW4,CERW,Amerodectes ischyros
11,1,CERW4,CERW,Amerodectes ischyros
11,1,CERW4,CERW,Amerodectes ischyros
11,1,CERW4,CERW,Amerodectes ischyros
11,1,CERW4,CERW,Amerodectes ischyros
11,1,CERW4,CERW,Amerodectes ischyros
11,1,CERW4,CERW,Amerodectes ischyros
11,1,CERW4,CERW,Amerodectes ischyros
11,1,CERW4,CERW,Amerodectes ischyros
11,1,CERW4,CERW,Amerodectes ischyros
11,1,CERW4,CERW,Amerodectes ischyros
11,1,CERW4,CERW,Amerodectes ischyros
11,1,CERW4,CERW,Amerodectes ischyros
11,1,CERW4,CERW,Amerodectes ischyros
11,1,CERW4,CERW,Amerodectes ischyros
11,1,CERW4,CERW,Amerodectes ischyros
11,1,CERW4,CERW,Amerodectes ischyros
11,1,CERW4,CERW,Amerodectes ischyros
11,1,CERW4,CERW,Amerodectes ischyros
11,1,CERW4,CERW,Amerodectes ischyros
11,1,CERW4,CERW,Amerodectes ischyros
11,1,CERW4,CERW,Amerodectes ischyros
11,1,CERW4,CERW,Amerodectes ischyros
11,1,CERW4,CERW,Amerodectes ischyros
11,1,CERW4,CERW,Amerodectes ischyros
11,1,CERW4,CERW,Amerodectes ischyros
11,1,CERW4,CERW,Amerodectes ischyros
11,1,CERW4,CERW,Amerodectes ischyros
11,1,CERW4,CERW,Amerodectes ischyros
11,1,CERW4,CERW,Amerodectes ischyros
11,1,CERW4,CERW,Amerodectes ischyros
11,1,CERW4,CERW,Amerodectes ischyros
11,1,CERW4,CERW,Amerodectes ischyros
11,1,CERW4,CERW,Amerodectes ischyros
11,1,CERW4,CERW,Amerodectes ischyros
11,1,CERW4,CERW,Amerodectes ischyros
11,1,CERW4,CERW,Amerodectes ischyros
11,1,CERW4,CERW,Amerodectes ischyros
11,1,CERW4,CERW,Amerodectes ischyros
11,1,CERW4,CERW,Amerodectes ischyros
11,1,CERW4,CERW,Amerodectes ischyros
11,1,CERW4,CERW,Amerodectes ischyros
11,1,CERW4,CERW,Amerodectes ischyros
11,1,CERW4,CERW,Amerodectes ischyros
11,1,CERW4,CERW,Amerodectes ischyros
11,1,CERW4,CERW,Amerodectes ischyros
11,1,CERW4,CERW,Amerodectes ischyros
11,1,CERW4,CERW,Amerodectes ischyros
11,1,CERW4,CERW,Amerodectes ischyros
11,1,CERW4,CERW,Amerodectes ischyros
11,1,CERW4,CERW,Amerodectes ischyros
11,1,CERW4,CERW,Amerodectes ischyros
11,1,CERW4,CERW,Amerodectes ischyros
11,1,CERW4,CERW,Amerodectes ischyros
11,1,CERW4,CERW,Amerodectes ischyros
11,1,CERW4,CERW,Amerodectes ischyros
11,1,CERW4,CERW,Amerodectes ischyros
11,1,CERW4,CERW,Amerodectes ischyros
11,1,CERW4,CERW,Amerodectes ischyros
11,1,CERW4,CERW,Amerodectes ischyros
11,1,CERW4,CERW,Amerodectes ischyros
11,1,CERW4,CERW,Amerodectes ischyros
11,1,CERW4,CERW,Amerodectes ischyros
11,1,CERW4,CERW,Amerodectes ischyros
11,1,CERW4,CERW,Amerodectes ischyros
11,1,CERW4,CERW,Amerodectes ischyros
11,1,CERW4,CERW,Amerodectes ischyros
11,1,CERW4,CERW,Amerodectes ischyros
11,1,CERW4,CERW,Amerodectes ischyros
11,1,CERW4,CERW,Amerodectes ischyros
11,1,CERW4,CERW,Amerodectes ischyros
11,1,CERW4,CERW,Amerodectes ischyros
11,1,CERW4,CERW,Amerodectes ischyros
11,1,CERW4,CERW,Amerodectes ischyros
11,1,CERW4,CERW,Amerodectes ischyros
11,1,CERW4,CERW,Amerodectes ischyros
11,1,CERW4,CERW,Amerodectes ischyros
11,1,CERW4,CERW,Amerodectes ischyros
11,1,CERW4,CERW,Amerodectes ischyros
11,1,CERW4,CERW,Amerodectes ischyros
11,1,CERW4,CERW,Amerodectes ischyros
11,1,CERW4,CERW,Amerodectes ischyros
11,1,CERW4,CERW,Amerodectes ischyros
11,1,CERW4,CERW,Amerodectes ischyros
11,1,CERW4,CERW,Amerodectes ischyros
11,1,CERW4,CERW,Amerodectes ischyros
11,1,CERW4,CERW,Amerodectes ischyros
11,1,CERW4,CERW,Amerodectes ischyros
11,1,CERW4,CERW,Amerodectes ischyros
11,1,CERW4,CERW,Amerodectes ischyros
11,1,CERW4,CERW,Amerodectes ischyros
11,1,CERW4,CERW,Amerodectes ischyros
11,1,CERW4,CERW,Amerodectes ischyros
11,1,CERW4,CERW,Amerodectes ischyros
11,1,CERW4,CERW,Amerodectes ischyros
11,1,CERW4,CERW,Amerodectes ischyros
11,1,CERW4,CERW,Amerodectes ischyros
11,1,CERW4,CERW,Amerodectes ischyros
11,1,CERW4,CERW,Amerodectes ischyros
11,1,CERW4,CERW,Amerodectes ischyros
11,1,CERW4,CERW,Amerodectes ischyros
11,1,CERW4,CERW,Amerodectes ischyros
11,1,CERW4,CERW,Amerodectes ischyros
11,1,CERW4,CERW,Amerodectes ischyros
11,1,CERW4,CERW,Amerodectes ischyros
11,1,CERW4,CERW,Amerodectes ischyros
11,1,CERW4,CERW,Amerodectes ischyros
11,1,CERW4,CERW,Amerodectes ischyros
11,1,CERW4,CERW,Amerodectes ischyros
11,1,CERW4,CERW,Amerodectes ischyros
11,1,CERW4,CERW,Amerodectes ischyros
11,1,CERW4,CERW,Amerodectes ischyros
11,1,CERW4,CERW,Amerodectes ischyros
11,1,CERW4,CERW,Amerodectes ischyros
11,1,CERW4,CERW,Amerodectes ischyros
11,1,CERW4,CERW,Amerodectes ischyros
11,1,CERW4,CERW,Amerodectes ischyros
11,1,CERW4,CERW,Amerodectes ischyros
11,1,CERW4,CERW,Amerodectes ischyros
11,1,CERW4,CERW,Amerodectes ischyros
11,1,CERW4,CERW,Amerodectes ischyros
11,1,CERW4,CERW,Amerodectes ischyros
11,1,CERW4,CERW,Amerodectes ischyros
11,1,CERW4,CERW,Amerodectes ischyros
11,1,CERW4,CERW,Amerodectes ischyros
11,1,CERW4,CERW,Amerodectes ischyros
11,1,CERW4,CERW,Amerodectes ischyros
11,1,CERW4,CERW,Amerodectes ischyros
11,1,CERW4,CERW,Amerodectes ischyros
11,1,CERW4,CERW,Amerodectes ischyros
11,1,CERW4,CERW,Amerodectes ischyros
11,1,CERW4,CERW,Amerodectes ischyros
11,1,CERW4,CERW,Amerodectes ischyros
11,1,CERW4,CERW,Amerodectes ischyros
11,1,CERW4,CERW,Amerodectes ischyros
11,1,CERW4,CERW,Amerodectes ischyros
11,1,CERW4,CERW,Amerodectes ischyros
11,1,CERW4,CERW,Amerodectes ischyros
11,1,CERW4,CERW,Amerodectes ischyros
11,1,CERW4,CERW,Amerodectes ischyros
11,1,CERW4,CERW,Amerodectes ischyros
11,1,CERW4,CERW,Amerodectes ischyros
11,1,CERW4,CERW,Amerodectes ischyros
11,1,CERW4,CERW,Amerodectes ischyros
11,1,CERW4,CERW,Amerodectes ischyros
11,1,CERW4,CERW,Amerodectes ischyros
11,1,CERW4,CERW,Amerodectes ischyros
11,1,CERW4,CERW,Amerodectes ischyros
11,1,CERW4,CERW,Amerodectes ischyros
11,1,CERW4,CERW,Amerodectes ischyros
11,1,CERW4,CERW,Amerodectes ischyros
11,1,CERW4,CERW,Amerodectes ischyros
11,1,CERW4,CERW,Amerodectes ischyros
11,1,CERW4,CERW,Amerodectes ischyros
11,1,CERW4,CERW,Amerodectes ischyros
11,1,CERW4,CERW,Amerodectes ischyros
11,1,CERW4,CERW,Amerodectes ischyros
11,1,CERW4,CERW,Amerodectes ischyros
11,1,CERW4,CERW,Amerodectes ischyros
11,1,CERW4,CERW,Amerodectes ischyros
11,1,CERW4,CERW,Amerodectes ischyros
11,1,CERW4,CERW,Amerodectes ischyros
11,1,CERW4,CERW,Amerodectes ischyros
11,1,CERW4,CERW,Amerodectes ischyros
11,1,CERW4,CERW,Amerodectes ischyros
11,1,CERW4,CERW,Amerodectes ischyros
11,1,CERW4,CERW,Amerodectes ischyros
11,1,CERW4,CERW,Amerodectes ischyros
11,1,CERW4,CERW,Amerodectes ischyros
11,1,CERW4,CERW,Amerodectes ischyros
11,1,CERW4,CERW,Amerodectes ischyros
11,1,CERW4,CERW,Amerodectes ischyros
11,1,CERW4,CERW,Amerodectes ischyros
11,1,CERW4,CERW,Amerodectes ischyros
11,1,CERW4,CERW,Amerodectes ischyros
11,1,CERW4,CERW,Amerodectes ischyros
11,1,CERW4,CERW,Amerodectes ischyros
11,1,CERW4,CERW,Amerodectes ischyros
11,1,CERW4,CERW,Amerodectes ischyros
11,1,CERW4,CERW,Amerodectes ischyros
11,1,CERW4,CERW,Amerodectes ischyros
11,1,CERW4,CERW,Amerodectes ischyros
11,1,CERW4,CERW,Amerodectes ischyros
11,1,CERW4,CERW,Amerodectes ischyros
11,1,CERW4,CERW,Amerodectes ischyros
11,1,CERW4,CERW,Amerodectes ischyros
11,1,CERW4,CERW,Amerodectes ischyros
11,1,CERW4,CERW,Amerodectes ischyros
11,1,CERW4,CERW,Amerodectes ischyros
11,1,CERW4,CERW,Amerodectes ischyros
11,1,CERW4,CERW,Amerodectes ischyros
11,1,CERW4,CERW,Amerodectes ischyros
11,1,CERW4,CERW,Amerodectes ischyros
11,1,CERW4,CERW,Amerodectes ischyros
11,1,CERW4,CERW,Amerodectes ischyros
11,1,CERW4,CERW,Amerodectes ischyros
11,1,CERW4,CERW,Amerodectes ischyros
11,1,CERW4,CERW,Amerodectes ischyros
11,1,CERW4,CERW,Amerodectes ischyros
11,1,CERW4,CERW,Amerodectes ischyros
11,1,CERW4,CERW,Amerodectes ischyros
11,1,CERW4,CERW,Amerodectes ischyros
11,1,CERW4,CERW,Amerodectes ischyros
11,1,CERW4,CERW,Amerodectes ischyros
11,1,CERW4,CERW,Amerodectes ischyros
11,1,CERW4,CERW,Amerodectes ischyros
11,1,CERW4,CERW,Amerodectes ischyros
11,1,CERW4,CERW,Amerodectes ischyros
11,1,CERW4,CERW,Amerodectes ischyros
11,1,CERW4,CERW,Amerodectes ischyros
11,1,CERW4,CERW,Amerodectes ischyros
11,1,CERW4,CERW,Amerodectes ischyros
11,1,CERW4,CERW,Amerodectes ischyros
11,1,CERW4,CERW,Amerodectes ischyros
11,1,CERW4,CERW,Amerodectes ischyros
11,1,CERW4,CERW,Amerodectes ischyros
11,1,CERW4,CERW,Amerodectes ischyros
12,1,CERW5,CERW,Amerodectes ischyros
12,1,CERW5,CERW,Amerodectes ischyros
12,1,CERW5,CERW,Amerodectes ischyros
12,1,CERW5,CERW,Amerodectes ischyros
12,1,CERW5,CERW,Amerodectes ischyros
12,1,CERW5,CERW,Amerodectes ischyros
12,1,CERW5,CERW,Amerodectes ischyros
12,1,CERW5,CERW,Amerodectes ischyros
12,1,CERW5,CERW,Amerodectes ischyros
12,1,CERW5,CERW,Amerodectes ischyros
12,1,CERW5,CERW,Amerodectes ischyros
12,1,CERW5,CERW,Amerodectes ischyros
12,1,CERW5,CERW,Amerodectes ischyros
12,1,CERW5,CERW,Amerodectes ischyros
12,1,CERW5,CERW,Amerodectes ischyros
12,1,CERW5,CERW,Amerodectes ischyros
12,1,CERW5,CERW,Amerodectes ischyros
12,1,CERW5,CERW,Amerodectes ischyros
12,1,CERW5,CERW,Amerodectes ischyros
12,1,CERW5,CERW,Amerodectes ischyros
12,1,CERW5,CERW,Amerodectes ischyros
12,1,CERW5,CERW,Amerodectes ischyros
12,1,CERW5,CERW,Amerodectes ischyros
6,1,CERW5,CERW,Proctophyllodes quadratus
2,1,CERW6,CERW,Amerodectes ischyros
2,1,CERW6,CERW,Amerodectes ischyros
2,1,CERW6,CERW,Amerodectes ischyros
2,1,CERW6,CERW,Amerodectes ischyros
2,1,CERW6,CERW,Amerodectes ischyros
2,1,CERW6,CERW,Amerodectes ischyros
14,1,CERW6,CERW,Amerodectes ischyros
14,1,CERW6,CERW,Amerodectes ischyros
14,1,CERW6,CERW,Amerodectes ischyros
14,1,CERW6,CERW,Amerodectes ischyros
14,1,CERW6,CERW,Amerodectes ischyros
14,1,CERW6,CERW,Amerodectes ischyros
14,1,CERW6,CERW,Amerodectes ischyros
14,1,CERW6,CERW,Amerodectes ischyros
14,1,CERW6,CERW,Amerodectes ischyros
14,1,CERW6,CERW,Amerodectes ischyros
14,1,CERW6,CERW,Amerodectes ischyros
14,1,CERW6,CERW,Amerodectes ischyros
14,1,CERW6,CERW,Amerodectes ischyros
14,1,CERW6,CERW,Amerodectes ischyros
14,1,CERW6,CERW,Amerodectes ischyros
14,1,CERW6,CERW,Amerodectes ischyros
14,1,CERW6,CERW,Amerodectes ischyros
14,1,CERW6,CERW,Amerodectes ischyros
14,1,CERW6,CERW,Amerodectes ischyros
14,1,CERW6,CERW,Amerodectes ischyros
14,1,CERW6,CERW,Amerodectes ischyros
14,1,CERW6,CERW,Amerodectes ischyros
14,1,CERW6,CERW,Amerodectes ischyros
14,1,CERW6,CERW,Amerodectes ischyros
14,1,CERW6,CERW,Amerodectes ischyros
14,1,CERW6,CERW,Amerodectes ischyros
14,1,CERW6,CERW,Amerodectes ischyros
14,1,CERW6,CERW,Amerodectes ischyros
14,1,CERW6,CERW,Amerodectes ischyros
14,1,CERW6,CERW,Amerodectes ischyros
14,1,CERW6,CERW,Amerodectes ischyros
14,1,CERW6,CERW,Amerodectes ischyros
14,1,CERW6,CERW,Amerodectes ischyros
14,1,CERW6,CERW,Amerodectes ischyros
14,1,CERW6,CERW,Amerodectes ischyros
14,1,CERW6,CERW,Amerodectes ischyros
14,1,CERW6,CERW,Amerodectes ischyros
14,1,CERW6,CERW,Amerodectes ischyros
14,1,CERW6,CERW,Amerodectes ischyros
14,1,CERW6,CERW,Amerodectes ischyros
14,1,CERW6,CERW,Amerodectes ischyros
14,1,CERW6,CERW,Amerodectes ischyros
14,1,CERW6,CERW,Amerodectes ischyros
14,1,CERW6,CERW,Amerodectes ischyros
14,1,CERW6,CERW,Amerodectes ischyros
14,1,CERW6,CERW,Amerodectes ischyros
14,1,CERW6,CERW,Amerodectes ischyros
14,1,CERW6,CERW,Amerodectes ischyros
14,1,CERW6,CERW,Amerodectes ischyros
14,1,CERW6,CERW,Amerodectes ischyros
14,1,CERW6,CERW,Amerodectes ischyros
14,1,CERW6,CERW,Amerodectes ischyros
14,1,CERW6,CERW,Amerodectes ischyros
14,1,CERW6,CERW,Amerodectes ischyros
14,1,CERW6,CERW,Amerodectes ischyros
14,1,CERW6,CERW,Amerodectes ischyros
14,1,CERW6,CERW,Amerodectes ischyros
1,1,AMRE3,AMRE,Amerodectes ischyros
1,1,AMRE3,AMRE,Amerodectes ischyros
2,1,AMRE3,AMRE,Amerodectes ischyros
15,1,AMRE3,AMRE,Amerodectes ischyros
15,1,AMRE3,AMRE,Amerodectes ischyros
15,1,AMRE3,AMRE,Amerodectes ischyros
15,1,AMRE3,AMRE,Amerodectes ischyros
15,1,AMRE3,AMRE,Amerodectes ischyros
15,1,AMRE3,AMRE,Amerodectes ischyros
15,1,AMRE3,AMRE,Amerodectes ischyros
15,1,AMRE3,AMRE,Amerodectes ischyros
15,1,AMRE3,AMRE,Amerodectes ischyros
15,1,AMRE3,AMRE,Amerodectes ischyros
15,1,AMRE3,AMRE,Amerodectes ischyros
15,1,AMRE3,AMRE,Amerodectes ischyros
15,1,AMRE3,AMRE,Amerodectes ischyros
15,1,AMRE3,AMRE,Amerodectes ischyros
15,1,AMRE3,AMRE,Amerodectes ischyros
15,1,AMRE3,AMRE,Amerodectes ischyros
15,1,AMRE3,AMRE,Amerodectes ischyros
15,1,AMRE3,AMRE,Amerodectes ischyros
15,1,AMRE3,AMRE,Amerodectes ischyros
15,1,AMRE3,AMRE,Amerodectes ischyros
15,1,AMRE3,AMRE,Amerodectes ischyros
15,1,AMRE3,AMRE,Amerodectes ischyros
15,1,AMRE3,AMRE,Amerodectes ischyros
15,1,AMRE3,AMRE,Amerodectes ischyros
15,1,AMRE3,AMRE,Amerodectes ischyros
15,1,AMRE3,AMRE,Amerodectes ischyros
15,1,AMRE3,AMRE,Amerodectes ischyros
15,1,AMRE3,AMRE,Amerodectes ischyros
15,1,AMRE3,AMRE,Amerodectes ischyros
15,1,AMRE3,AMRE,Amerodectes ischyros
15,1,AMRE3,AMRE,Amerodectes ischyros
15,1,AMRE3,AMRE,Amerodectes ischyros
15,1,AMRE3,AMRE,Amerodectes ischyros
15,1,AMRE3,AMRE,Amerodectes ischyros
15,1,AMRE3,AMRE,Amerodectes ischyros
15,1,AMRE3,AMRE,Amerodectes ischyros
15,1,AMRE3,AMRE,Amerodectes ischyros
15,1,AMRE3,AMRE,Amerodectes ischyros
15,1,AMRE3,AMRE,Amerodectes ischyros
15,1,AMRE3,AMRE,Amerodectes ischyros
15,1,AMRE3,AMRE,Amerodectes ischyros
15,1,AMRE3,AMRE,Amerodectes ischyros
15,1,AMRE3,AMRE,Amerodectes ischyros
15,1,AMRE3,AMRE,Amerodectes ischyros
15,1,AMRE3,AMRE,Amerodectes ischyros
15,1,AMRE3,AMRE,Amerodectes ischyros
15,1,AMRE3,AMRE,Amerodectes ischyros
15,1,AMRE3,AMRE,Amerodectes ischyros
15,1,AMRE3,AMRE,Amerodectes ischyros
15,1,AMRE3,AMRE,Amerodectes ischyros
15,1,AMRE3,AMRE,Amerodectes ischyros
15,1,AMRE3,AMRE,Amerodectes ischyros
15,1,AMRE3,AMRE,Amerodectes ischyros
15,1,AMRE3,AMRE,Amerodectes ischyros
15,1,AMRE3,AMRE,Amerodectes ischyros
15,1,AMRE3,AMRE,Amerodectes ischyros
15,1,AMRE3,AMRE,Amerodectes ischyros
15,1,AMRE3,AMRE,Amerodectes ischyros
15,1,AMRE3,AMRE,Amerodectes ischyros
15,1,AMRE3,AMRE,Amerodectes ischyros
15,1,AMRE3,AMRE,Amerodectes ischyros
15,1,AMRE3,AMRE,Amerodectes ischyros
15,1,AMRE3,AMRE,Amerodectes ischyros
15,1,AMRE3,AMRE,Amerodectes ischyros
15,1,AMRE3,AMRE,Amerodectes ischyros
15,1,AMRE3,AMRE,Amerodectes ischyros
15,1,AMRE3,AMRE,Amerodectes ischyros
15,1,AMRE3,AMRE,Amerodectes ischyros
15,1,AMRE3,AMRE,Amerodectes ischyros
15,1,AMRE3,AMRE,Amerodectes ischyros
15,1,AMRE3,AMRE,Amerodectes ischyros
15,1,AMRE3,AMRE,Amerodectes ischyros
15,1,AMRE3,AMRE,Amerodectes ischyros
15,1,AMRE3,AMRE,Amerodectes ischyros
15,1,AMRE3,AMRE,Amerodectes ischyros
15,1,AMRE3,AMRE,Amerodectes ischyros
15,1,AMRE3,AMRE,Amerodectes ischyros
15,1,AMRE3,AMRE,Amerodectes ischyros
15,1,AMRE3,AMRE,Amerodectes ischyros
15,1,AMRE3,AMRE,Amerodectes ischyros
15,1,AMRE3,AMRE,Amerodectes ischyros
15,1,AMRE3,AMRE,Amerodectes ischyros
15,1,AMRE3,AMRE,Amerodectes ischyros
15,1,AMRE3,AMRE,Amerodectes ischyros
15,1,AMRE3,AMRE,Amerodectes ischyros
15,1,AMRE3,AMRE,Amerodectes ischyros
15,1,AMRE3,AMRE,Amerodectes ischyros
15,1,AMRE3,AMRE,Amerodectes ischyros
15,1,AMRE3,AMRE,Amerodectes ischyros
15,1,AMRE3,AMRE,Amerodectes ischyros
15,1,AMRE3,AMRE,Amerodectes ischyros
15,1,AMRE3,AMRE,Amerodectes ischyros
15,1,AMRE3,AMRE,Amerodectes ischyros
15,1,AMRE3,AMRE,Amerodectes ischyros
15,1,AMRE3,AMRE,Amerodectes ischyros
15,1,AMRE3,AMRE,Amerodectes ischyros
15,1,AMRE3,AMRE,Amerodectes ischyros
5,1,AMRE3,AMRE,Proctophyllodes quadratus
5,1,AMRE3,AMRE,Proctophyllodes quadratus
10,1,CERW7,CERW,Amerodectes ischyros
10,1,CERW7,CERW,Amerodectes ischyros
10,1,CERW7,CERW,Amerodectes ischyros
10,1,CERW7,CERW,Amerodectes ischyros
10,1,CERW7,CERW,Amerodectes ischyros
10,1,CERW7,CERW,Amerodectes ischyros
10,1,CERW7,CERW,Amerodectes ischyros
10,1,CERW7,CERW,Amerodectes ischyros
10,1,CERW7,CERW,Amerodectes ischyros
10,1,CERW7,CERW,Amerodectes ischyros
4,1,AMRE4,AMRE,Amerodectes ischyros
5,1,AMRE4,AMRE,Amerodectes ischyros
12,1,AMRE4,AMRE,Amerodectes ischyros
12,1,AMRE4,AMRE,Amerodectes ischyros
12,1,AMRE4,AMRE,Amerodectes ischyros
12,1,AMRE4,AMRE,Amerodectes ischyros
12,1,AMRE4,AMRE,Amerodectes ischyros
12,1,AMRE4,AMRE,Amerodectes ischyros
12,1,AMRE4,AMRE,Amerodectes ischyros
12,1,AMRE4,AMRE,Amerodectes ischyros
12,1,AMRE4,AMRE,Amerodectes ischyros
12,1,AMRE4,AMRE,Amerodectes ischyros
12,1,AMRE4,AMRE,Amerodectes ischyros
12,1,AMRE4,AMRE,Amerodectes ischyros
12,1,AMRE4,AMRE,Amerodectes ischyros
12,1,AMRE4,AMRE,Amerodectes ischyros
12,1,AMRE4,AMRE,Amerodectes ischyros
12,1,AMRE4,AMRE,Amerodectes ischyros
12,1,AMRE4,AMRE,Amerodectes ischyros
12,1,AMRE4,AMRE,Amerodectes ischyros
12,1,AMRE4,AMRE,Amerodectes ischyros
12,1,AMRE4,AMRE,Amerodectes ischyros
12,1,AMRE4,AMRE,Amerodectes ischyros
12,1,AMRE4,AMRE,Amerodectes ischyros
12,1,AMRE4,AMRE,Amerodectes ischyros
12,1,AMRE4,AMRE,Amerodectes ischyros
12,1,AMRE4,AMRE,Amerodectes ischyros
12,1,AMRE4,AMRE,Amerodectes ischyros
12,1,AMRE4,AMRE,Amerodectes ischyros
12,1,AMRE4,AMRE,Amerodectes ischyros
12,1,AMRE4,AMRE,Amerodectes ischyros
12,1,AMRE4,AMRE,Amerodectes ischyros
12,1,AMRE4,AMRE,Amerodectes ischyros
12,1,AMRE4,AMRE,Amerodectes ischyros
12,1,AMRE4,AMRE,Amerodectes ischyros
12,1,AMRE4,AMRE,Amerodectes ischyros
12,1,AMRE4,AMRE,Amerodectes ischyros
12,1,AMRE4,AMRE,Amerodectes ischyros
12,1,AMRE4,AMRE,Amerodectes ischyros
12,1,AMRE4,AMRE,Amerodectes ischyros
12,1,AMRE4,AMRE,Amerodectes ischyros
12,1,AMRE4,AMRE,Amerodectes ischyros
12,1,AMRE4,AMRE,Amerodectes ischyros
12,1,AMRE4,AMRE,Amerodectes ischyros
12,1,AMRE4,AMRE,Amerodectes ischyros
12,1,AMRE4,AMRE,Amerodectes ischyros
12,1,AMRE4,AMRE,Amerodectes ischyros
12,1,AMRE4,AMRE,Amerodectes ischyros
12,1,AMRE4,AMRE,Amerodectes ischyros
12,1,AMRE4,AMRE,Amerodectes ischyros
12,1,AMRE4,AMRE,Amerodectes ischyros
12,1,AMRE4,AMRE,Amerodectes ischyros
12,1,AMRE4,AMRE,Amerodectes ischyros
12,1,AMRE4,AMRE,Amerodectes ischyros
12,1,AMRE4,AMRE,Amerodectes ischyros
12,1,AMRE4,AMRE,Amerodectes ischyros
12,1,AMRE4,AMRE,Amerodectes ischyros
12,1,AMRE4,AMRE,Amerodectes ischyros
12,1,AMRE4,AMRE,Amerodectes ischyros
12,1,AMRE4,AMRE,Amerodectes ischyros
12,1,AMRE4,AMRE,Amerodectes ischyros
12,1,AMRE4,AMRE,Amerodectes ischyros
12,1,AMRE4,AMRE,Amerodectes ischyros
12,1,AMRE4,AMRE,Amerodectes ischyros
12,1,AMRE4,AMRE,Amerodectes ischyros
12,1,AMRE4,AMRE,Amerodectes ischyros
12,1,AMRE4,AMRE,Amerodectes ischyros
12,1,AMRE4,AMRE,Amerodectes ischyros
12,1,AMRE4,AMRE,Amerodectes ischyros
12,1,AMRE4,AMRE,Amerodectes ischyros
12,1,AMRE4,AMRE,Amerodectes ischyros
12,1,AMRE4,AMRE,Amerodectes ischyros
12,1,AMRE4,AMRE,Amerodectes ischyros
12,1,AMRE4,AMRE,Amerodectes ischyros
12,1,AMRE4,AMRE,Amerodectes ischyros
12,1,AMRE4,AMRE,Amerodectes ischyros
12,1,AMRE4,AMRE,Amerodectes ischyros
12,1,AMRE4,AMRE,Amerodectes ischyros
12,1,AMRE4,AMRE,Amerodectes ischyros
12,1,AMRE4,AMRE,Amerodectes ischyros
12,1,AMRE4,AMRE,Amerodectes ischyros
12,1,AMRE4,AMRE,Amerodectes ischyros
12,1,AMRE4,AMRE,Amerodectes ischyros
12,1,AMRE4,AMRE,Amerodectes ischyros
12,1,AMRE4,AMRE,Amerodectes ischyros
12,1,AMRE4,AMRE,Amerodectes ischyros
12,1,AMRE4,AMRE,Amerodectes ischyros
12,1,AMRE4,AMRE,Amerodectes ischyros
12,1,AMRE4,AMRE,Amerodectes ischyros
12,1,AMRE4,AMRE,Amerodectes ischyros
12,1,AMRE4,AMRE,Amerodectes ischyros
12,1,AMRE4,AMRE,Amerodectes ischyros
12,1,AMRE4,AMRE,Amerodectes ischyros
12,1,AMRE4,AMRE,Amerodectes ischyros
12,1,AMRE4,AMRE,Amerodectes ischyros
12,1,AMRE4,AMRE,Amerodectes ischyros
12,1,AMRE4,AMRE,Amerodectes ischyros
12,1,AMRE4,AMRE,Amerodectes ischyros
12,1,AMRE4,AMRE,Amerodectes ischyros
12,1,AMRE4,AMRE,Amerodectes ischyros
12,1,AMRE4,AMRE,Amerodectes ischyros
12,1,AMRE4,AMRE,Amerodectes ischyros
12,1,AMRE4,AMRE,Amerodectes ischyros
12,1,AMRE4,AMRE,Amerodectes ischyros
12,1,AMRE4,AMRE,Amerodectes ischyros
12,1,AMRE4,AMRE,Amerodectes ischyros
12,1,AMRE4,AMRE,Amerodectes ischyros
12,1,AMRE4,AMRE,Amerodectes ischyros
12,1,AMRE4,AMRE,Amerodectes ischyros
12,1,AMRE4,AMRE,Amerodectes ischyros
12,1,AMRE4,AMRE,Amerodectes ischyros
12,1,AMRE4,AMRE,Amerodectes ischyros
12,1,AMRE4,AMRE,Amerodectes ischyros
12,1,AMRE4,AMRE,Amerodectes ischyros
12,1,AMRE4,AMRE,Amerodectes ischyros
12,1,AMRE4,AMRE,Amerodectes ischyros
12,1,AMRE4,AMRE,Amerodectes ischyros
12,1,AMRE4,AMRE,Amerodectes ischyros
12,1,AMRE4,AMRE,Amerodectes ischyros
12,1,AMRE4,AMRE,Amerodectes ischyros
12,1,AMRE4,AMRE,Amerodectes ischyros
12,1,AMRE4,AMRE,Amerodectes ischyros
12,1,AMRE4,AMRE,Amerodectes ischyros
12,1,AMRE4,AMRE,Amerodectes ischyros
12,1,AMRE4,AMRE,Amerodectes ischyros
12,1,AMRE4,AMRE,Amerodectes ischyros
12,1,AMRE4,AMRE,Amerodectes ischyros
12,1,AMRE4,AMRE,Amerodectes ischyros
12,1,AMRE4,AMRE,Amerodectes ischyros
12,1,AMRE4,AMRE,Amerodectes ischyros
12,1,AMRE4,AMRE,Amerodectes ischyros
12,1,AMRE4,AMRE,Amerodectes ischyros
12,1,AMRE4,AMRE,Amerodectes ischyros
12,1,AMRE4,AMRE,Amerodectes ischyros
12,1,AMRE4,AMRE,Amerodectes ischyros
12,1,AMRE4,AMRE,Amerodectes ischyros
12,1,AMRE4,AMRE,Amerodectes ischyros
12,1,AMRE4,AMRE,Amerodectes ischyros
12,1,AMRE4,AMRE,Amerodectes ischyros
12,1,AMRE4,AMRE,Amerodectes ischyros
12,1,AMRE4,AMRE,Amerodectes ischyros
12,1,AMRE4,AMRE,Amerodectes ischyros
12,1,AMRE4,AMRE,Amerodectes ischyros
12,1,AMRE4,AMRE,Amerodectes ischyros
12,1,AMRE4,AMRE,Amerodectes ischyros
12,1,AMRE4,AMRE,Amerodectes ischyros
12,1,AMRE4,AMRE,Amerodectes ischyros
12,1,AMRE4,AMRE,Amerodectes ischyros
12,1,AMRE4,AMRE,Amerodectes ischyros
12,1,AMRE4,AMRE,Amerodectes ischyros
12,1,AMRE4,AMRE,Amerodectes ischyros
12,1,AMRE4,AMRE,Amerodectes ischyros
12,1,AMRE4,AMRE,Amerodectes ischyros
12,1,AMRE4,AMRE,Amerodectes ischyros
12,1,AMRE4,AMRE,Amerodectes ischyros
12,1,AMRE4,AMRE,Amerodectes ischyros
12,1,AMRE4,AMRE,Amerodectes ischyros
12,1,AMRE4,AMRE,Amerodectes ischyros
12,1,AMRE4,AMRE,Amerodectes ischyros
12,1,AMRE4,AMRE,Amerodectes ischyros
12,1,AMRE4,AMRE,Amerodectes ischyros
12,1,AMRE4,AMRE,Amerodectes ischyros
12,1,AMRE4,AMRE,Amerodectes ischyros
12,1,AMRE4,AMRE,Amerodectes ischyros
12,1,AMRE4,AMRE,Amerodectes ischyros
12,1,AMRE4,AMRE,Amerodectes ischyros
12,1,AMRE4,AMRE,Amerodectes ischyros
12,1,PROW12,PROW,Amerodectes protonotaria
12,1,PROW12,PROW,Amerodectes protonotaria
12,1,PROW12,PROW,Amerodectes protonotaria
12,1,PROW12,PROW,Amerodectes protonotaria
12,1,PROW12,PROW,Amerodectes protonotaria
12,1,PROW12,PROW,Amerodectes protonotaria
12,1,PROW12,PROW,Amerodectes protonotaria
12,1,PROW12,PROW,Amerodectes protonotaria
12,1,PROW12,PROW,Amerodectes protonotaria
12,1,PROW12,PROW,Amerodectes protonotaria
12,1,PROW12,PROW,Amerodectes protonotaria
12,1,PROW12,PROW,Amerodectes protonotaria
12,1,PROW12,PROW,Amerodectes protonotaria
12,1,PROW12,PROW,Amerodectes protonotaria
12,1,PROW12,PROW,Amerodectes protonotaria
12,1,PROW12,PROW,Amerodectes protonotaria
12,1,PROW12,PROW,Amerodectes protonotaria
12,1,PROW12,PROW,Amerodectes protonotaria
12,1,PROW12,PROW,Amerodectes protonotaria
12,1,PROW12,PROW,Amerodectes protonotaria
12,1,PROW12,PROW,Amerodectes protonotaria
12,1,PROW12,PROW,Amerodectes protonotaria
12,1,PROW12,PROW,Amerodectes protonotaria
12,1,PROW12,PROW,Amerodectes protonotaria
12,1,PROW12,PROW,Amerodectes protonotaria
12,1,PROW12,PROW,Amerodectes protonotaria
12,1,PROW12,PROW,Amerodectes protonotaria
12,1,PROW12,PROW,Amerodectes protonotaria
12,1,PROW12,PROW,Amerodectes protonotaria
12,1,PROW12,PROW,Amerodectes protonotaria
12,1,PROW12,PROW,Amerodectes protonotaria
12,1,PROW12,PROW,Amerodectes protonotaria
12,1,PROW12,PROW,Amerodectes protonotaria
12,1,PROW12,PROW,Amerodectes protonotaria
12,1,PROW12,PROW,Amerodectes protonotaria
12,1,PROW12,PROW,Amerodectes protonotaria
12,1,PROW12,PROW,Amerodectes protonotaria
12,1,PROW12,PROW,Amerodectes protonotaria
12,1,PROW12,PROW,Amerodectes protonotaria
12,1,PROW12,PROW,Amerodectes protonotaria
12,1,PROW12,PROW,Amerodectes protonotaria
12,1,PROW12,PROW,Amerodectes protonotaria
12,1,PROW12,PROW,Amerodectes protonotaria
12,1,PROW12,PROW,Amerodectes protonotaria
12,1,PROW12,PROW,Amerodectes protonotaria
12,1,PROW12,PROW,Amerodectes protonotaria
12,1,PROW12,PROW,Amerodectes protonotaria
12,1,PROW12,PROW,Amerodectes protonotaria
12,1,PROW12,PROW,Amerodectes protonotaria
12,1,PROW12,PROW,Amerodectes protonotaria
12,1,PROW12,PROW,Amerodectes protonotaria
12,1,PROW12,PROW,Amerodectes protonotaria
12,1,PROW12,PROW,Amerodectes protonotaria
12,1,PROW12,PROW,Amerodectes protonotaria
12,1,PROW12,PROW,Amerodectes protonotaria
12,1,PROW12,PROW,Amerodectes protonotaria
12,1,PROW12,PROW,Amerodectes protonotaria
12,1,PROW12,PROW,Amerodectes protonotaria
12,1,PROW12,PROW,Amerodectes protonotaria
12,1,PROW12,PROW,Amerodectes protonotaria
12,1,PROW12,PROW,Amerodectes protonotaria
12,1,PROW12,PROW,Amerodectes protonotaria
12,1,PROW12,PROW,Amerodectes protonotaria
12,1,PROW12,PROW,Amerodectes protonotaria
12,1,PROW12,PROW,Amerodectes protonotaria
12,1,PROW12,PROW,Amerodectes protonotaria
1,1,PROW13,PROW,Amerodectes protonotaria
3,1,PROW13,PROW,Amerodectes protonotaria
11,1,PROW13,PROW,Amerodectes protonotaria
12,1,PROW13,PROW,Amerodectes protonotaria
12,1,PROW13,PROW,Amerodectes protonotaria
12,1,PROW13,PROW,Amerodectes protonotaria
12,1,PROW13,PROW,Amerodectes protonotaria
12,1,PROW13,PROW,Amerodectes protonotaria
12,1,PROW13,PROW,Amerodectes protonotaria
12,1,PROW13,PROW,Amerodectes protonotaria
12,1,PROW13,PROW,Amerodectes protonotaria
12,1,PROW13,PROW,Amerodectes protonotaria
12,1,PROW13,PROW,Amerodectes protonotaria
12,1,PROW13,PROW,Amerodectes protonotaria
12,1,PROW13,PROW,Amerodectes protonotaria
12,1,PROW13,PROW,Amerodectes protonotaria
12,1,PROW13,PROW,Amerodectes protonotaria
12,1,PROW13,PROW,Amerodectes protonotaria
12,1,PROW13,PROW,Amerodectes protonotaria
12,1,PROW13,PROW,Amerodectes protonotaria
12,1,PROW13,PROW,Amerodectes protonotaria
12,1,PROW13,PROW,Amerodectes protonotaria
12,1,PROW13,PROW,Amerodectes protonotaria
12,1,PROW13,PROW,Amerodectes protonotaria
12,1,PROW13,PROW,Amerodectes protonotaria
12,1,PROW13,PROW,Amerodectes protonotaria
12,1,PROW13,PROW,Amerodectes protonotaria
12,1,PROW13,PROW,Amerodectes protonotaria
12,1,PROW13,PROW,Amerodectes protonotaria
12,1,PROW13,PROW,Amerodectes protonotaria
12,1,PROW13,PROW,Amerodectes protonotaria
12,1,PROW13,PROW,Amerodectes protonotaria
12,1,PROW13,PROW,Amerodectes protonotaria
12,1,PROW13,PROW,Amerodectes protonotaria
12,1,PROW13,PROW,Amerodectes protonotaria
12,1,PROW13,PROW,Amerodectes protonotaria
12,1,PROW13,PROW,Amerodectes protonotaria
12,1,PROW13,PROW,Amerodectes protonotaria
12,1,PROW13,PROW,Amerodectes protonotaria
12,1,PROW13,PROW,Amerodectes protonotaria
12,1,PROW13,PROW,Amerodectes protonotaria
12,1,PROW13,PROW,Amerodectes protonotaria
12,1,PROW13,PROW,Amerodectes protonotaria
12,1,PROW13,PROW,Amerodectes protonotaria
12,1,PROW13,PROW,Amerodectes protonotaria
12,1,PROW13,PROW,Amerodectes protonotaria
12,1,PROW13,PROW,Amerodectes protonotaria
12,1,PROW13,PROW,Amerodectes protonotaria
12,1,PROW13,PROW,Amerodectes protonotaria
12,1,PROW13,PROW,Amerodectes protonotaria
12,1,PROW13,PROW,Amerodectes protonotaria
12,1,PROW13,PROW,Amerodectes protonotaria
12,1,PROW13,PROW,Amerodectes protonotaria
12,1,PROW13,PROW,Amerodectes protonotaria
12,1,PROW13,PROW,Amerodectes protonotaria
12,1,PROW13,PROW,Amerodectes protonotaria
12,1,PROW13,PROW,Amerodectes protonotaria
12,1,PROW13,PROW,Amerodectes protonotaria
12,1,PROW13,PROW,Amerodectes protonotaria
12,1,PROW13,PROW,Amerodectes protonotaria
12,1,PROW13,PROW,Amerodectes protonotaria
12,1,PROW13,PROW,Amerodectes protonotaria
12,1,PROW13,PROW,Amerodectes protonotaria
12,1,PROW13,PROW,Amerodectes protonotaria
12,1,PROW13,PROW,Amerodectes protonotaria
12,1,PROW13,PROW,Amerodectes protonotaria
1,1,PROW13,PROW,Proctophyllodes quadratus
5,1,PROW13,PROW,Proctophyllodes quadratus
1,1,PROW14,PROW,Amerodectes protonotaria
1,1,PROW14,PROW,Amerodectes protonotaria
1,1,PROW14,PROW,Amerodectes protonotaria
8,1,PROW14,PROW,Amerodectes protonotaria
8,1,PROW14,PROW,Amerodectes protonotaria
8,1,PROW14,PROW,Amerodectes protonotaria
8,1,PROW14,PROW,Amerodectes protonotaria
8,1,PROW14,PROW,Amerodectes protonotaria
8,1,PROW14,PROW,Amerodectes protonotaria
8,1,PROW14,PROW,Amerodectes protonotaria
8,1,PROW14,PROW,Amerodectes protonotaria
8,1,PROW14,PROW,Amerodectes protonotaria
8,1,PROW14,PROW,Amerodectes protonotaria
8,1,PROW14,PROW,Amerodectes protonotaria
8,1,PROW14,PROW,Amerodectes protonotaria
8,1,PROW14,PROW,Amerodectes protonotaria
8,1,PROW14,PROW,Amerodectes protonotaria
8,1,PROW14,PROW,Amerodectes protonotaria
8,1,PROW14,PROW,Amerodectes protonotaria
8,1,PROW14,PROW,Amerodectes protonotaria
8,1,PROW14,PROW,Amerodectes protonotaria
8,1,PROW14,PROW,Amerodectes protonotaria
8,1,PROW14,PROW,Amerodectes protonotaria
8,1,PROW14,PROW,Amerodectes protonotaria
8,1,PROW14,PROW,Amerodectes protonotaria
8,1,PROW14,PROW,Amerodectes protonotaria
8,1,PROW14,PROW,Amerodectes protonotaria
1,1,PROW14,PROW,Proctophyllodes quadratus